comment,sentiment
р╕вр╕нр╕Фр╣Ар╕вр╕╡р╣Ир╕вр╕бр╕Др╣Ир╕░ р╕гр╕▓р╕Др╕▓р╣Ар╕лр╕бр╕▓р╕░р╕кр╕б р╕Ър╕нр╕Бр╕Хр╣Ир╕нр╣Др╕Фр╣Йр╣Ар╕ер╕вр╕Др╣Ир╕░,pos
р╕кр╕зр╕вр╕Др╣Ир╕░ р╣Ар╕лр╕бр╕╖р╕нр╕Щр╣Гр╕Щр╕гр╕╣р╕Ыр╣Ар╕ер╕в р╕Кр╕нр╕Ър╕Др╣Ир╕░ р╕кр╣Ир╕Зр╕Вр╕нр╕Зр╣Др╕зр╕бр╕▓р╕Бр╕Б,pos
р╣Гр╕Кр╣Йр╕Фр╕╡р╕Др╣Ир╕░р╕лр╕Щр╣Йр╕▓р╕Щр╕╕р╣Ир╕бр╣Бр╕ер╕░р╕Вр╕▓р╕зр╕Вр╕╢р╣Йр╕Щ,pos
р╕Ир╕▒р╕Фр╕кр╣Ир╕Зр╣Ар╕гр╣Зр╕зр╕бр╕▓р╕Б р╕кр╕░р╕Фр╕зр╕Бр╕Фр╕╡ р╕Вр╕нр╕Зр╕Ир╕гр╕┤р╕Зр╕Вр╕Щр╕▓р╕Фр╣Гр╕лр╕Нр╣Ир╕Бр╕зр╣Ир╕▓р╕Чр╕╡р╣Ир╕Др╕┤р╕Фр╣Др╕зр╣Й р╣Бр╕Хр╣Ир╣Гр╕Кр╣Йр╕Зр╕▓р╕Щр╣Др╕Фр╣Йр╕Фр╕╡,pos
р╕Кр╕нр╕Ър╕кр╕┤р╕Щр╕Др╣Йр╕▓р╕бр╕▓р╕Б р╣Др╕бр╣Ир╕Ьр╕┤р╕Фр╕лр╕зр╕▒р╕Зр╕Чр╕╡р╣Ир╕гр╕н р╕кр╕зр╕вр╕вр╕▒р╕Зр╕Ър╕гр╕гр╕Ир╕╕р╕ар╕▒р╕Ур╕Ср╣Мр╕Др╕▒р╕Ъ,pos
р╕кр╕┤р╕Щр╕Др╣Йр╕▓р╕кр╣Ир╕Зр╕гр╕зр╕Фр╣Ар╕гр╣Зр╕з р╕Юр╕нр╣Гр╕Ир╣Гр╕Щр╕кр╕┤р╕Щр╕Др╣Йр╕▓р╕Др╕гр╕▒р╕Ъ,pos
р╕кр╕┤р╕Щр╕Др╣Йр╕▓р╕Др╕╕р╕Ур╕ар╕▓р╕Юр╕Фр╕╡ р╣Бр╕Вр╣Зр╕Зр╣Бр╕гр╕З р╣Ар╕кр╕╡р╕вр╕Зр╕Фр╕╡ р╣Ар╕Фр╣Зр╕Бр╣Ж р╕Кр╕нр╕Ъ р╣Бр╕ер╕░р╕вр╕▒р╕Зр╕кр╣Ир╕Зр╣Ар╕гр╣Зр╕зр╕Фр╣Йр╕зр╕вр╕Др╣Ир╕░,pos
р╕гр╕▓р╕Др╕▓р╕Бр╕▒р╕Ър╕Др╕╕р╕Ур╕ар╕▓р╕Юр╕Вр╕нр╕Зр╕кр╕┤р╕Щр╕Др╣Йр╕▓р╕бр╕╡р╕Др╕зр╕▓р╕бр╣Ар╕лр╕бр╕▓р╕░р╕кр╕б р╣Гр╕Кр╣Йр╕Зр╕▓р╕Щр╕Зр╣Ир╕▓р╕в,pos
р╕кр╣Ир╕Зр╕Вр╕нр╕Зр╣Др╕з р╕лр╣Ир╕нр╕Юр╕▒р╕кр╕Фр╕╕р╕Фр╕╡  р╕Вр╕нр╕Зр╣Гр╕Кр╣Йр╕Зр╕▓р╕Щр╣Ар╕вр╕╡р╣Ир╕вр╕б,pos
р╕кр╕зр╕вр╕Др╣Ир╕░ р╕Бр╕▓р╕гр╕Ир╕▒р╕Фр╕кр╣Ир╕Зр╕Бр╣Зр╕гр╕зр╕Фр╣Ар╕гр╣Зр╕зр╕Фр╕╡р╕Др╣Ир╕░,pos
р╕Др╕╕р╕Ур╕ар╕▓р╕Юр╕Др╕╕р╣Йр╕бр╕Др╣Ир╕▓р╕Др╕гр╕▒р╕Ъ,pos
р╕кр╣Ир╕Зр╣Ар╕гр╣Зр╕зр╕Фр╕╡ р╣Гр╕Кр╣Йр╕Фр╕╡р╕Др╕╕р╣Йр╕бр╕бр╕▓р╕Б р╕гр╕▓р╕Др╕▓р╕Цр╕╣р╕Б,pos
р╣Др╕Фр╣Йр╕гр╕▒р╕Ър╕кр╕┤р╕Щр╕Др╣Йр╕▓р╣Ар╕гр╣Зр╕зр╕Др╣Ир╕░ р╣Бр╕ер╕░р╕кр╕┤р╕Щр╕Др╣Йр╕▓р╕Бр╣Зр╕бр╕╡р╕Др╕╕р╕Ур╕ар╕▓р╕Ю р╕кр╕зр╕бр╣Гр╕кр╣Ир╕кр╕Ър╕▓р╕вр╕Хр╕▒р╕зр╕бр╕▓р╕Бр╣Жр╣Ж р╣Ар╕ер╕вр╕Др╣Ир╕░,pos
р╣Др╕Фр╣Йр╕гр╕▒р╕Ър╕Вр╕нр╕Зр╣Ар╕гр╣Зр╕зр╕бр╕▓р╕Б.. р╣Бр╕Цр╕бр╕кр╕┤р╕Щр╕Др╣Йр╕▓р╣Др╕Фр╣Йр╕Хр╕▓р╕бр╕Хр╣Йр╕нр╕Зр╕Бр╕▓р╕гр╕кр╕зр╕вр╕бр╕▓р╕Б,pos
р╕гр╕▒р╕Ър╕Ыр╕гр╕░р╕Чр╕▓р╕Щр╕Фр╕╡р╕нр╕вр╕╣р╣Ир╕Щр╕░р╕Др╕гр╕▒р╕Ъ р╕бр╕нр╕Зр╣Ар╕лр╣Зр╕Щр╕Др╕зр╕▓р╕бр╣Ар╕Ыр╕ер╕╡р╣Ир╕вр╕Щр╣Бр╕Ыр╕ер╕Зр╕Вр╕нр╕Зр╕гр╣Ир╕▓р╕Зр╕Бр╕▓р╕в р╕Чр╕▓р╕Щр╣Бр╕ер╣Йр╕зр╕гр╕╣р╣Йр╕кр╕╢р╕Бр╕зр╣Ир╕▓р╕Фр╕╡р╕Щр╕░,pos
р╣Гр╕Кр╣Йр╣Др╕Фр╣Йр╕Фр╕╡р╣Ар╕лр╕бр╕▓р╕░р╕Бр╕▒р╕Ър╕гр╕▓р╕Др╕▓р╕Щр╕╡р╣Й р╕Бр╣Зр╕кр╕гр╕╕р╕Ыр╕зр╣Ир╕▓р╕Фр╕╡р╕Др╕гр╕▒р╕Ъ,pos
р╕кр╕┤р╕Щр╕Др╣Йр╕▓р╣Гр╕Кр╣Йр╣Бр╕ер╣Йр╕зр╕Фр╕╡р╕бр╕▓р╕Бр╣Др╕бр╣Ир╕Чр╕│р╣Гр╕лр╣Йр╕ер╕╣р╕Бр╣Бр╕Юр╣Йр╣Ар╕ер╕вр╣Бр╕Цр╕бр╕гр╕▓р╕Др╕▓р╕Цр╕╣р╕Бр╕Бр╕зр╣Ир╕▓р╣Гр╕Щр╕лр╣Йр╕▓р╕Зр╣Бр╕ер╕░р╕Хр╕▓р╕бр╕гр╣Йр╕▓р╕Щр╕Др╣Йр╕▓р╕нр╕╡р╕Б,pos
р╣Гр╕Кр╣Йр╕Зр╕▓р╕Щр╕Фр╕╡р╕бр╕▓р╕Бр╕кр╣Ир╕Зр╕Вр╕нр╕Зр╕Бр╣Зр╣Ар╕гр╣Зр╕зр╕Вр╕нр╕Зр╕Др╕гр╕▒р╕Ъ,pos
р╕кр╣Ир╕Зр╣Др╕зр╕бр╕▓р╕Б р╕кр╕▒р╣Ир╕Зр╕Хр╕нр╕Щр╣Ар╕вр╣Зр╕Щ р╕Хр╕нр╕Щр╣Ар╕Кр╣Йр╕▓р╣Др╕Фр╣Йр╣Бр╕ер╣Йр╕з р╕кр╕┤р╕Щр╕Др╣Йр╕▓р╣Бр╕Юр╣Зр╕Др╕бр╕▓р╕Фр╕╡р╕бр╕▓р╕Б р╣Гр╕Кр╣Йр╕Зр╕▓р╕Щр╣Др╕Фр╣Йр╕Ыр╕Бр╕Хр╕┤р╣Др╕бр╣Ир╕бр╕╡р╕Ыр╕▒р╕Нр╕лр╕▓р╕нр╕░р╣Др╕г р╕Цр╕╖р╕нр╕зр╣Ир╕▓р╕Др╕╕р╣Йр╕бр╕Др╣Ир╕▓р╕кр╕╕р╕Фр╣Жр╕Др╕гр╕▒р╕Ъ,pos
р╕зр╕▒р╕кр╕Фр╕╕р╕Др╣Ир╕нр╕Щр╕Вр╣Йр╕▓р╕Зр╕Фр╕╡р╕Щр╕▒р╕Ър╕зр╣Ир╕▓р╕Др╕╕р╣Йр╕бр╕гр╕▓р╕Др╕▓р╕Др╕гр╕▒р╕Ъ,pos
р╣Гр╕кр╣Ир╕кр╕Ър╕▓р╕вр╕кр╕▒р╣Ир╕Зр╕лр╕ер╕▓р╕вр╕гр╕нр╕Ър╣Бр╕ер╣Йр╕зр╕Ир╕гр╣Йр╕▓р╕▓р╕▓,pos
р╕кр╣Ир╕Зр╕Вр╕нр╕Зр╕гр╕зр╕Фр╣Ар╕гр╣Зр╕зр╕Фр╕╡ р╕Др╕╕р╕Ур╕ар╕▓р╕Юр╣Гр╕Кр╣Йр╣Др╕Фр╣Йр╕Др╣Ир╕░,pos
р╣Гр╕Кр╣Йр╕Зр╕▓р╕Щр╣Др╕Фр╣Йр╕Фр╕╡р╕гр╕▓р╕Др╕▓р╣Др╕бр╣Ир╣Бр╕Юр╕Зр╕бр╕▓р╕Б,pos
р╕Кр╕нр╕Ър╕Чр╕╡р╣Ир╕кр╣Ир╕Зр╣Ар╕гр╣Зр╕зр╕бр╕▓р╕Бр╕Др╕гр╕▒р╕Ъ р╕Чр╕▒р╕Щр╣Гр╕Ир╕Фр╕╡р╕Ир╕┤р╕Зр╣Ж,pos
р╕гр╕▒р╕Ър╕Вр╕нр╕Зр╣Др╕з р╕Юр╕Щр╕▒р╕Бр╕Зр╕▓р╕Щр╕кр╣Ир╕Зр╕Вр╕нр╕Зр╕Фр╕╡р╕бр╕▓р╕Б р╕Др╕╕р╕Ур╕ар╕▓р╕Юр╕Др╕╕р╣Йр╕бр╕гр╕▓р╕Др╕▓,pos
р╕Фр╕╡р╕Др╕гр╕▒р╕Ъ р╕Др╕╕р╣Йр╕бр╕Др╣Ир╕▓р╕Др╕╕р╣Йр╕бр╕гр╕▓р╕Др╕▓ р╕Щр╣Ир╕▓р╕Ир╕░р╣Гр╕Кр╣Йр╕Зр╕▓р╕Щр╣Др╕Фр╣Йр╕Чр╕Щр╕Чр╕▓р╕Щр╕бр╕╖р╕нр╣Гр╕лр╕бр╣Ир╕Щр╣Ир╕▓р╣Ар╕нр╕▓р╕бр╕▓р╣Гр╕Кр╣Йр╕Др╕гр╕▒р╕Ъ,pos
р╕Др╕╕р╕Ур╕ар╕▓р╕Юр╕Юр╕нр╣Гр╕Кр╣Йр╣Др╕Фр╣Й  р╕Фр╕╣р╕Ър╕нр╕Ър╕Ър╕▓р╕Зр╕Ир╕▒р╕З р╕Хр╣Йр╕нр╕Зр╕Фр╕╣р╕гр╕░р╕вр╕░р╕Бр╕▓р╕гр╣Гр╕Кр╣Йр╕Зр╕▓р╕Щр╕гр╕░р╕вр╕░р╕вр╕▓р╕зр╕Др╣Ир╕░р╕гр╕зр╕б р╣Ж р╕Цр╕╖р╕нр╕зр╣Ир╕▓р╣Вр╕нр╣Ар╕Др╕Др╣Ир╕░,pos
р╕кр╕┤р╕Щр╕Др╣Йр╕▓р╣Бр╕Юр╕Др╕нр╕вр╣Ир╕▓р╕Зр╕Фр╕╡ р╕Чр╕╡р╣Ир╕кр╕│р╕Др╕▒р╕Нр╕кр╣Ир╕Зр╕Вр╕нр╣Ар╕гр╣Зр╕зр╕бр╕▓р╕Б р╕Др╕┤р╕Фр╕зр╣Ир╕▓р╕Ир╕░р╣Др╕Фр╣Йр╕Кр╣Йр╕▓р╣Ар╕кр╕╡р╕вр╕нр╕╡р╕Б,pos
р╕кр╣Ир╕Зр╕Вр╕нр╕Зр╣Др╕зр╕бр╕▓р╕Б р╣Бр╕Хр╣Ир╕гр╕▓р╕Др╕▓р╕Вр╕╢р╣Йр╕Щр╕ер╕Зр╕Ър╣Ир╕нр╕вр╕бр╕▓ р╕Хр╣Йр╕нр╕Зр╣Ар╕Вр╣Йр╕▓р╕бр╕▓р╣Ар╕Кр╣Зр╕Др╕гр╕▓р╕Др╕▓р╕Ър╣Ир╕нр╕вр╣Ж р╕зр╣Ир╕▓р╕зр╕▒р╕Щр╣Др╕лр╕Щр╕Ир╕░р╕гр╕▓р╕Др╕▓р╕Цр╕╣р╕Б р╣Бр╕Хр╣Ир╕Др╕╕р╣Йр╕бр╣Бр╕Щр╣Ир╕Щр╕нр╕Щр╕Др╣Ир╕░ р╣Ар╕ер╕╖р╕нр╕Бр╕Лр╕╖р╣Йр╕нр╕нр╕▒р╕Щр╕Щр╕╡р╣Йр╣Др╕бр╣Ир╕Ьр╕┤р╕Фр╕лр╕зр╕▒р╕Зр╕Др╣Ир╕░,pos
р╣Др╕Фр╣Йр╕гр╕▒р╕Ър╕Вр╕нр╕Зр╣Ар╕гр╣Зр╕зр╕бр╕▓р╕Б р╕Бр╕гр╕░р╕Чр╕░р╕гр╣Йр╕нр╕Щр╣Ар╕гр╣Зр╕з р╕Чр╕│р╕нр╕▓р╕лр╕▓р╕гр╣Др╕Фр╣Йр╕лр╕ер╕▓р╕вр╕нр╕вр╣Ир╕▓р╕Зр╣Ар╕ер╕вр╕Др╣Ир╕░ р╕Кр╕нр╕Ър╕бр╕▓р╕Б,pos
р╕кр╕┤р╕Щр╕Др╣Йр╕▓р╣Гр╕Кр╣Йр╕Фр╕╡р╕кр╕╡р╕кр╕Фр╣Гр╕Кр╣Йр╕Ир╕Щр╕Цр╕╢р╕Зр╕Чр╕╕р╕Бр╕зр╕▒р╕Щр╕Щр╕╡р╣Й,pos
р╕гр╣Йр╕▓р╕Щр╕Щр╕╡р╣Й р╕Вр╕▓р╕вр╕кр╕┤р╕Щр╕Др╣Йр╕▓р╕Хр╕гр╕Зр╕Хр╕▓р╕бр╕Ыр╕гр╕░р╕Бр╕▓р╕и р╕кр╣Ир╕Зр╕Хр╕▓р╕бр╕Бр╕│р╕лр╕Щр╕Ф р╕кр╕┤р╕Щр╕Др╣Йр╕▓р╣Гр╕Кр╣Йр╕Зр╕▓р╕Щр╕Фр╕╡,pos
р╕Цр╕╣р╕Бр╕Бр╕зр╣Ир╕▓р╣Гр╕Щр╕лр╣Йр╕▓р╕Зр╣Ар╕вр╕нр╕░р╣Ар╕ер╕вр╕Др╕гр╕▒р╕Ъ р╕ар╕▓р╕Юр╕Кр╕▒р╕Ф р╕кр╕┤р╕Щр╕Др╣Йр╕▓р╣Гр╕лр╕бр╣И р╕Юр╕Щр╕▒р╕Бр╕Зр╕▓р╕Щр╕Ър╕гр╕┤р╕Бр╕▓р╕гр╕Фр╕╡р╕бр╕▓р╕Б р╕кр╕▒р╣Ир╕Зр╕кр╕┤р╕Щр╕Др╣Йр╕▓р╕Бр╕▒р╕Ър╕ер╕▓р╕Лр╕▓р╕Фр╣Йр╕▓р╣Др╕бр╣Ир╣Ар╕Др╕вр╕Ьр╕┤р╕Фр╕лр╕зр╕▒р╕Зр╣Ар╕ер╕вр╕Др╕гр╕▒р╕Ъ,pos
р╣Бр╕гр╕Зр╕Фр╕╡ р╕лр╕Щр╣Йр╕▓р╕Ир╕нр╣Гр╕лр╕Нр╣И р╕кр╣Ир╕Зр╕Вр╕нр╕Зр╣Ар╕гр╣Зр╕з р╕Юр╕нр╣Гр╕Ир╕Др╕гр╕▒р╕Ъ,pos
р╕Ир╕нр╣Гр╕лр╕Нр╣Ир╕бр╕▓р╕Б р╕Др╕╕р╕Ур╕ар╕▓р╕Юр╣Ар╕кр╕╡р╕вр╕З р╕Кр╕▒р╕Фр╣Ар╕Ир╕Щр╕Фр╕╡р╕бр╕▓р╕Б р╣Вр╕Фр╕вр╕гр╕зр╕бр╣Бр╕ер╣Йр╕зр╕Др╕╕р╣Йр╕бр╕Др╣Ир╕▓р╕бр╕▓р╕Б,pos
р╕Юр╕Бр╕Юр╕▓р╕кр╕░р╕Фр╕зр╕Б р╣Др╕Фр╣Йр╕Вр╕нр╕Зр╣Ар╕гр╣Зр╕з,pos
р╣Вр╕нр╣Ар╕Др╕бр╕▓р╕Б р╣Ар╕Ыр╣Зр╕Щр╕нр╕вр╣Ир╕▓р╕Зр╕Чр╕╡р╣Ир╕Др╕▓р╕Фр╕лр╕зр╕▒р╕Зр╣Др╕зр╣Й р╣Ар╕вр╕╡р╣Ир╕вр╕б,pos
р╣Др╕Фр╣Йр╕кр╕┤р╕Щр╕Др╣Йр╕▓р╕ар╕▓р╕вр╣Гр╕Щр╕кр╕нр╕Зр╕зр╕▒р╕Щ OK р╕Щр╕░р╕Др╕гр╕▒р╕Ъ р╕кр╕бр╕гр╕▓р╕Др╕▓ р╣Гр╕Кр╣Йр╕Зр╕▓р╕Щр╣Др╕Фр╣Йр╕Ыр╕Бр╕Хр╕┤,pos
р╕Фр╕╡р╕бр╕▓р╕Бр╣Жр╣Жр╕Др╕░ р╣Др╕Фр╣Йр╣Ар╕гр╣Зр╕з р╣Бр╕Юр╣Кр╕Др╕Фр╕╡ р╕кр╕┤р╕Щр╕Др╣Йр╕▓р╕кр╕ар╕▓р╕Юр╕Фр╕╡ р╕гр╕▓р╕Др╕▓р╕Цр╕╣р╕Б р╣Др╕бр╣Ир╕Хр╣Йр╕нр╕Зр╣Др╕Ыр╣Ар╕Фр╕┤р╕Щр╕Кр╣Кр╕нр╕Ыр╣Ар╕нр╕З р╕Фр╕╡р╕Др╕░,pos
р╕кр╣Ир╕Зр╕Вр╕нр╕Зр╕гр╕зр╕Фр╣Ар╕гр╣Зр╕зр╕бр╕▓р╕Б р╕кр╕┤р╕Щр╕Др╣Йр╕▓р╣Гр╕лр╕бр╣Ир╕Фр╣Йр╕зр╕в р╣Вр╕Фр╕вр╕гр╕зр╕бр╣Гр╕лр╣Йр╕Др╕░р╣Бр╕Щр╕Щр╣Ар╕Хр╣Зр╕бр╕Др╕гр╕▒р╕Ъ,pos
р╕кр╣Ир╕Зр╣Ар╕гр╣Зр╕зр╕Чр╕▒р╕Щр╣Гр╕Кр╣Йр╕Хр╕▓р╕бр╕Др╕зр╕▓р╕бр╕Хр╣Йр╕нр╕Зр╕Бр╕▓р╕г,pos
р╣Ар╕Щр╕╖р╣Йр╕нр╕Ьр╣Йр╕▓р╕Фр╕╡р╣Бр╕Хр╣Ир╣Др╕бр╣Ир╕лр╕Щр╕▓ р╣Ар╕Лр╣Зр╕Бр╕Лр╕╡р╣Ир╕Фр╕╡р╣Бр╕Хр╣Ир╣Др╕бр╣Ир╣Вр╕Ыр╣Кр╕░ р╕Др╕╕р╕Ур╕ар╕▓р╕Юр╕кр╕бр╕Бр╕▒р╕Ър╕гр╕▓р╕Др╕▓,pos
р╕Зр╣Ир╕▓р╕вр╕Фр╕╡р╣Др╕бр╣Ир╕Хр╣Йр╕нр╕Зр╕лр╕▓р╕Лр╕╖р╣Йр╕нр╣Гр╕лр╣Йр╕вр╕╕р╣Ир╕Зр╕вр╕▓р╕Б,pos
р╕кр╕бр╕гр╕▓р╕Др╕▓р╕Др╣Ир╕░ р╕ар╕▓р╕Юр╕Кр╕▒р╕Фр╣Ар╕Ир╕Щ р╣Ар╕Чр╕╡р╕вр╕Ър╕Бр╕▒р╕Ър╕вр╕╡р╣Ир╕лр╣Йр╕нр╕нр╕╖р╣Ир╕Щр╕гр╕▓р╕Др╕▓р╕Цр╕╣р╕Бр╕Бр╕зр╣Ир╕▓,pos
р╕кр╕зр╕вр╕бр╕▓р╣Гр╕Кр╣Йр╕Зр╕▓р╕Щр╕Зр╣Ир╕▓р╕вр╕бр╕▓р╕Бр╕Чр╕╡р╣Ир╕кр╕│р╕Др╕▒р╕Нр╕кр╣Ир╕Зр╣Ар╕гр╣Зр╕зр╕бр╕▓р╕Б,pos
р╣Ар╕кр╕╡р╕вр╕Зр╕Фр╕╡ р╕кр╣Ир╕Зр╣Ар╕гр╣Зр╕з р╕гр╕▓р╕Др╕▓р╕Щр╕╡р╣Йр╕Др╕╕р╣Йр╕бр╕Др╕гр╕▒р╕Ъ,pos
р╣Гр╕Кр╣Йр╕Фр╕╡р╕вр╕▒р╕Зр╣Др╕бр╣Ир╕бр╕╡р╕Ыр╕▒р╕Нр╕лр╕▓р╕нр╕░р╣Др╕гр╕Др╣Ир╕░р╕Кр╕нр╕Ър╕бр╕▓р╕Б,pos
р╕кр╣Ар╕Ыр╣Зр╕Др╕Цр╕╖р╕нр╕зр╣Ир╕▓р╣Вр╕нр╣Ар╕Др╕гр╣Ар╕ер╕вр╕Др╕▒р╕Ъ р╣Др╕лр╕ер╕ер╕╖р╣Ир╕Щр╕Фр╕╡р╣Др╕бр╣Ир╕бр╕╡р╕кр╕Фр╕╕р╕Ф р╕кр╕бр╕Бр╕▒р╕Ър╕гр╕▓р╕Др╕▓ р╣Бр╕ер╕░р╕Др╕╕р╣Йр╕бр╕Др╣Ир╕▓р╕бр╕▓р╕Бр╣Жр╣Ар╕ер╕в,pos
р╣Гр╕Кр╣Йр╕Фр╕╡р╕кр╣Ир╕Зр╕Вр╕нр╕Зр╣Др╕з р╕бр╕▓р╕Бр╣Ар╕Ир╣Йр╕▓р╕Щр╕╡р╣Й  р╕зр╕▒р╕кр╕Фр╕╕р╕Др╕╕р╕Ур╕ар╕▓р╕Юр╕Ир╕гр╕┤р╕Зр╕Ир╕гр╕┤р╕З,pos
р╣Бр╕Юр╕Др╕Вр╕нр╕Зр╣Ар╕гр╕╡р╕вр╕Ър╕гр╣Йр╕нр╕вр╕Фр╕╡р╕Др╣Ир╕░ р╕кр╣Ир╕Зр╣Ар╕гр╣Зр╕з р╣Др╕зр╣Йр╕Ир╕░р╕кр╕▒р╣Ир╕Зр╕нр╕╡р╕Бр╕Щр╕░р╕Др╕░тШ║,pos
р╕Ьр╣Йр╕▓р╕Щр╕┤р╣Ир╕б р╣Ар╕Фр╣Йр╕Зр╣Ж р╕Фр╕╡р╕Бр╕зр╣Ир╕▓р╕Чр╕╡р╣Ир╕Др╕┤р╕Фр╣Др╕зр╣Й р╕Кр╕нр╕Ър╕Др╕░,pos
р╣Вр╕нр╣Ар╕Др╕гр╕Др╣Ир╕░р╣Др╕Фр╣Йр╕кр╕┤р╕Щр╕Др╣Йр╕▓р╕Хр╕▓р╕бр╕гр╕╣р╕Ыр╕Ьр╣Йр╕▓р╣Гр╕кр╣Ир╕кр╕Ър╕▓р╕в,pos
р╣Ар╕кр╕╖р╣Йр╕нр╕кр╕зр╕вр╕Цр╕╣р╕Бр╣Гр╕Ир╕Др╣Ир╕░р╕кр╣Ир╕Зр╣Ар╕гр╣Зр╕зр╕Чр╕▒р╕Щр╣Гр╕Ир╕Фр╕╡,pos
р╕Др╕╕р╕Ур╕ар╕▓р╕Юр╣Ар╕лр╕бр╕▓р╕░р╕кр╕бр╕Бр╕▒р╕Ър╕гр╕▓р╕Др╕▓ р╣Гр╕Кр╣Йр╕Зр╕▓р╕ЩOK р╕Хр╣Ир╕нр╕Фр╕╣р╕ар╕▓р╕Юр╕Ир╕▓р╕Бр╕Др╕нр╕бр╕Кр╕▒р╕Фр╕бр╕▓р╕Б р╕Ир╕▒р╕Фр╕кр╣Ир╕Зр╣Ар╕гр╣Зр╕зр╕Фр╕╡,pos
р╣Ар╕Щр╕╖р╣Йр╕нр╕Ьр╣Йр╕▓р╕Фр╕╡р╕бр╕▓р╕Бр╣Жр╣Жр╣Жр╣Жр╣Ар╕Бр╕┤р╕Щр╕гр╕▓р╕Др╕▓ р╕Бр╕│р╕ер╕▒р╕Зр╕Ир╕░р╕кр╕▒р╣Ир╕Зр╣Ар╕Юр╕┤р╣Ир╕бр╕нр╕╡р╕Б р╕Кр╣Йр╕▓р╕лр╕Щр╣Ир╕нр╕вр╣Бр╕Хр╣Ир╣Др╕Фр╣Йр╕бр╕▓р╣Др╕бр╣Ир╕Ьр╕┤р╕Фр╕лр╕зр╕▒р╕Зр╣Ар╕ер╕вр╕Др╣Ир╕░,pos
р╣Гр╕Кр╣Йр╕Фр╕╡ р╕гр╕▓р╕Др╕▓р╣Др╕бр╣Ир╣Бр╕Юр╕Зр╣Ар╕Бр╕┤р╕Щр╕Др╣Ир╕░ р╕Юр╕нр╣Гр╕Ир╕бр╕▓р╕Б,pos
р╣Гр╕Кр╣Йр╕Фр╕╡р╕бр╕▓р╕Бр╕Др╣Ир╕░ р╕Кр╣Ир╕зр╕вр╣Гр╕лр╣Йр╕лр╕Щр╣Йр╕▓р╕Хр╕╢р╕Зр╕Вр╕╢р╣Йр╕Щ р╕лр╕Щр╣Йр╕▓р╣Др╕бр╣Ир╣Ар╕лр╕╡р╣Ир╕вр╕з  р╣Ар╕гр╕▓р╣Гр╕Кр╣Йр╕бр╕▓р╕Хр╕ер╕нр╕Фр╕Др╣Ир╕░ р╕кр╕▒р╣Ир╕Зр╕нр╕╡р╕Бр╣Бр╕Щр╣И,pos
р╕Ир╕▓р╕Бр╕Бр╕▓р╕гр╕Юр╕┤р╕кр╕╣р╕Ир╕Щр╣Мр╣Ар╕Ыр╣Зр╕Щр╕лр╕Щр╕▒р╕Зр╣Бр╕Чр╣Й р╣Ар╕ер╕╖р╕нр╕Бр╣Др╕бр╣Ир╕Ьр╕┤р╕Ф р╕Зр╕▓р╕Щр╣Ар╕вр╣Зр╕Ър╕ер╕░р╣Ар╕нр╕╡р╕вр╕Ф р╕Кр╕нр╕Ър╕Др╕гр╕▒р╕Ъ,pos
р╣Бр╕Юр╣Зр╕Др╕кр╕┤р╕Щр╕Др╣Йр╕▓р╕Фр╕╡ р╕кр╕┤р╕Щр╕Др╣Йр╕▓р╕Др╕╕р╕Ур╕ар╕▓р╕Ю р╕кр╕бр╕гр╕▓р╕Др╕▓ р╣Бр╕Яр╕Щр╕Ыр╕гр╕░р╕Чр╕▒р╕Ър╣Гр╕Ир╕Др╕гр╕▒р╕Ъ,pos
р╕кр╣Ир╕Зр╕Вр╕нр╕Зр╣Др╕Фр╣Йр╣Ар╕гр╣Зр╕зр╕бр╕▓р╕Б р╕кр╕┤р╕Щр╕Др╣Йр╕▓р╣Гр╕Кр╣Йр╣Др╕Фр╣Йр╕Фр╕╡р╣Др╕бр╣Ир╕бр╕╡р╕Ыр╕▒р╕Нр╕лр╕▓ р╕Др╕╕р╣Йр╕б,pos
р╕кр╕╣р╕Хр╕гр╕Чр╕╡р╣Ир╣Др╕бр╣Ир╣Ар╕лр╕Щр╕╡р╕вр╕зр╣Ар╕лр╕Щр╕нр╕░р╕лр╕Щр╕░ р╕Чр╕│р╣Гр╕лр╣Йр╕Ьр╕┤р╕зр╕гр╕╣р╣Йр╕кр╕╢р╕Бр╕Кр╕╕р╣Ир╕бр╕Кр╕╖р╣Йр╕Щ р╣Др╕бр╣Ир╕Чр╕│р╣Гр╕лр╣Йр╣Ар╕Бр╕┤р╕Фр╕кр╕┤р╕з р╕Чр╕│р╣Гр╕лр╣Йр╕Ьр╕┤р╕зр╕Фр╕╣р╕Шр╕гр╕гр╕бр╕Кр╕▓р╕Хр╕┤ р╕гр╕╣р╣Йр╕кр╕╢р╕Бр╣Ар╕Ър╕▓р╕Ър╕Щр╕Ьр╕┤р╕з р╣Ар╕Ър╕▓р╣Бр╕ер╕░р╣Др╕бр╣Ир╕бр╕▒р╕Щ,pos
р╣Др╕бр╣Ир╕Чр╕│р╣Гр╕лр╣Йр╣Ар╕Бр╕┤р╕Фр╕кр╕┤р╕з р╣Ар╕лр╕бр╕▓р╕░р╕кр╕│р╕лр╕гр╕▒р╕Ър╕Ьр╕┤р╕зр╕Чр╕╡р╣Ир╣Бр╕Юр╣Йр╕Зр╣Ир╕▓р╕в р╣Др╕бр╣Ир╕Чр╕│р╣Гр╕лр╣Йр╣Ар╕Бр╕┤р╕Фр╕кр╕┤р╕з р╕гр╕╣р╣Йр╕кр╕╢р╕Бр╣Ар╕Ър╕▓р╕Ър╕Щр╕Ьр╕┤р╕з р╕Ыр╣Йр╕нр╕Зр╕Бр╕▒р╕Щр╕гр╕▒р╕Зр╕кр╕╡р╣Бр╕кр╕Зр╕нр╕▓р╕Чр╕┤р╕Хр╕вр╣Мр╣Гр╕Щр╕гр╕░р╕Фр╕▒р╕Ър╕кр╕╣р╕З р╕кр╕╣р╕Хр╕гр╣Ар╕Ир╕ер╕Лр╕╢р╕бр╕Лр╕▓р╕Ър╣Ар╕гр╣Зр╕з р╕Чр╕│р╣Гр╕лр╣Йр╕Ьр╕┤р╕зр╕гр╕╣р╣Йр╕кр╕╢р╕Бр╕Кр╕╕р╣Ир╕бр╕Кр╕╖р╣Йр╕Щ,pos
р╕Чр╕│р╣Гр╕лр╣Йр╕Ьр╕┤р╕зр╕гр╕╣р╣Йр╕кр╕╢р╕Бр╕Кр╕╕р╣Ир╕бр╕Кр╕╖р╣Йр╕Щ р╕Чр╕│р╣Гр╕лр╣Йр╕Ьр╕┤р╕зр╕Фр╕╣р╕Шр╕гр╕гр╕бр╕Кр╕▓р╕Хр╕┤ р╣Др╕бр╣Ир╕Чр╕│р╣Гр╕лр╣Йр╣Ар╕Бр╕┤р╕Фр╕лр╕Щр╣Йр╕▓р╕Вр╕▓р╕з р╣Ар╕Ър╕▓р╣Бр╕ер╕░р╣Др╕бр╣Ир╕бр╕▒р╕Щ р╕кр╕╣р╕Хр╕гр╕Чр╕╡р╣Ир╣Др╕бр╣Ир╣Ар╕лр╕Щр╕╡р╕вр╕зр╣Ар╕лр╕Щр╕нр╕░р╕лр╕Щр╕░ р╣Гр╕Кр╣Йр╕Зр╣Ир╕▓р╕вр╣Бр╕ер╕░р╕Ьр╕кр╕бр╕кр╕╡р╣Др╕Фр╣Йр╕Фр╕╡,pos
р╕кр╕╣р╕Хр╕гр╕Чр╕╡р╣Ир╣Др╕бр╣Ир╣Ар╕лр╕Щр╕╡р╕вр╕зр╣Ар╕лр╕Щр╕нр╕░р╕лр╕Щр╕░ р╕гр╕╣р╣Йр╕кр╕╢р╕Бр╣Ар╕Ър╕▓р╕Ър╕Щр╕Ьр╕┤р╕з р╣Гр╕Кр╣Йр╕Зр╣Ир╕▓р╕вр╣Бр╕ер╕░р╕Ьр╕кр╕бр╕кр╕╡р╣Др╕Фр╣Йр╕Фр╕╡ р╣Др╕бр╣Ир╕Чр╕│р╣Гр╕лр╣Йр╣Ар╕Бр╕┤р╕Фр╕кр╕┤р╕з р╕Чр╕│р╣Гр╕лр╣Йр╕Ьр╕┤р╕зр╕Фр╕╣р╕Шр╕гр╕гр╕бр╕Кр╕▓р╕Хр╕┤,pos
р╕кр╕┤р╕Щр╕Др╣Йр╕▓р╣Гр╕Кр╣Йр╕Фр╕╡ р╕Лр╕╢р╕бр╣Др╕з р╕Бр╕▒р╕Щр╣Бр╕Фр╕Фр╕Фр╕╡р╕бр╕▓р╕Б р╕лр╕Щр╣Йр╕▓р╣Др╕бр╣Ир╣Др╕лр╕бр╣Й р╕Чр╕▓р╕Зр╕гр╣Йр╕▓р╕Щр╕Ир╕▒р╕Фр╕кр╣Ир╕Зр╕гр╕зр╕Фр╣Ар╕гр╣Зр╕зр╕бр╕▓р╕Др╣Ир╕░ р╕кр╕▒р╣Ир╕Зр╣Ар╕зр╕ер╕▓р╣Др╕Фр╣Йр╕гр╕▒р╕Ър╣Ар╕зр╕ер╕▓ р╕Ир╕▒р╕Фр╕кр╣Ир╕Зр╣Др╕зр╣Ар╕зр╣Ир╕нр╕зр╕▒р╕Зр╕нр╕ер╕▒р╕Зр╕Бр╕▓р╕гр╕Ур╣Мр╕бр╕▓р╕Бр╣Ар╕ер╕вр╕Др╣Ир╕░ р╣Бр╕Юр╕Др╕бр╕▓р╕Фр╕╡р╣Др╕бр╣Ир╕бр╕╡р╣Ар╕кр╕╡р╕вр╕лр╕▓р╕в,pos
р╣Ар╕Щр╕╖р╣Йр╕нр╣Гр╕к р╕Др╕гр╕╡р╕бр╕Щр╕┤р╕Фр╣Жр╕лр╕Щр╣Ир╕нр╕в р╣Др╕бр╣Ир╣Ар╕лр╕Щр╕╡р╕вр╕зр╕лр╕Щр╣Йр╕▓р╣Ар╕ер╕в р╣Гр╕Кр╣Йр╕Фр╕╡р╣Др╕бр╣Ир╕бр╕╡р╕кр╕┤р╣Ир╕Зр╕нр╕╕р╕Фр╕Хр╕▒р╕Щ р╕Др╕╕р╕Ур╕ар╕▓р╕Юр╕Фр╕╡р╣Ар╕гр╕┤р╣Ир╕Ф р╕Фр╕╡р╣Вр╕Др╕Хр╕г,pos
р╕Др╕╕р╕Ур╕ар╕▓р╕Юр╕Вр╕нр╕Зр╕кр╕┤р╕Щр╕Др╣Йр╕▓р╕Фр╕╡р╕бр╕▓р╕Б р╕Др╕зр╕▓р╕бр╕Др╕╕р╣Йр╕бр╕Др╣Ир╕▓р╕Вр╕нр╕Зр╕кр╕┤р╕Щр╕Др╣Йр╕▓р╕Фр╕╡р╕бр╕▓р╕Б р╕Др╕зр╕▓р╕бр╕гр╕зр╕Фр╣Ар╕гр╣Зр╕зр╣Гр╕Щр╕Бр╕▓р╕гр╕Ир╕▒р╕Фр╕кр╣Ир╕Зр╕кр╕┤р╕Щр╕Др╣Йр╕▓р╕бр╕▓р╕Б р╣Бр╕Юр╣Зр╕Др╕кр╕┤р╕Щр╕Др╣Йр╕▓р╕бр╕▓р╕Фр╕╡,pos
р╕Др╕╕р╕Ур╕ар╕▓р╕Юр╕Фр╕╡ р╣Ар╕Щр╕╖р╣Йр╕нр╕кр╕▒р╕бр╕Ьр╕▒р╕кр╣Ар╕Ир╕е р╕Лр╕╖р╣Йр╕нр╕Хр╕нр╕Щр╣Бр╕Яр╕ер╕Кр╣Ар╕Лр╕ер╕гр╕▓р╕Др╕▓р╣Др╕бр╣Ир╣Бр╕Юр╕З р╕Ир╕▒р╕Фр╕кр╣Ир╕Зр╕гр╕зр╕Фр╣Ар╕гр╣Зр╕зр╕бр╕▓р╕Б р╣Бр╕Юр╣Зр╕Др╕кр╕┤р╕Щр╕Др╣Йр╕▓р╕бр╕▓р╕Фр╕╡р╕бр╕▓р╕Б р╕Бр╕▓р╕гр╣Гр╕лр╣Йр╕Ър╕гр╕┤р╕Бр╕▓р╕гр╕Ир╕▓р╕Бр╕гр╣Йр╕▓р╕Щр╕Др╣Йр╕▓р╕Фр╕╡р╕бр╕▓р╕Б,pos
р╕гр╕▓р╕Др╕▓р╕Фр╕╡р╣Бр╕ер╣Йр╕зр╣Др╕Лр╕Лр╣Мр╣Гр╕лр╕Нр╣Ир╕Фр╣Йр╕зр╕вр╕кр╕бр╕гр╕▓р╕Др╕▓ р╕Вр╕Щр╕кр╣Ир╕Зр╣Ар╕гр╣Зр╕зр╕бр╕▓р╕Б,pos
р╕Бр╕▓р╕гр╕кр╣Ир╕Зр╕гр╕зр╕Фр╣Ар╕гр╣Зр╕зр╕бр╕▓р╕Б р╕Юр╕╢р╣Ир╕Зр╕кр╕▒р╣Ир╕Зр╕кр╕┤р╕Щр╕Др╣Йр╕▓р╣Др╕Ыр╕зр╕▒р╕Щр╣Ар╕Фр╕╡р╕вр╕зр╣Др╕Фр╣Йр╕гр╕▒р╕Ър╣Бр╕ер╣Йр╕з р╕гр╕зр╕Фр╣Ар╕гр╣Зр╕зр╕Чр╕▒р╕Щр╣Гр╕Ир╕бр╕▓р╕Б р╕гр╕▓р╕Др╕▓р╕Бр╣Зр╕Фр╕╡р╕бр╕▓р╕Б р╕Др╕╕р╣Йр╕бр╕бр╕▓р╕Б р╣Др╕Фр╣Йр╕Хр╕нр╕Щр╕ер╕Фр╕гр╕▓р╕Др╕▓р╕Юр╕нр╕Фр╕╡ р╕вр╕┤р╣Ир╕Зр╕Чр╕│р╣Гр╕лр╣Йр╕Др╕╕р╣Йр╕бр╕Др╣Ир╕▓р╕бр╕▓р╕Б р╕Др╕╕р╕Ур╕ар╕▓р╕Юр╣Гр╕Кр╣Йр╣Др╕Фр╣Йр╣Ар╕ер╕в р╕Фр╕╣р╕Фр╕╡р╕бр╕▓р╕Б р╣Др╕бр╣Ир╕Ьр╕┤р╕Фр╕лр╕зр╕▒р╕З,pos
р╕Чр╕│р╣Гр╕лр╣Йр╕Ьр╕┤р╕зр╕гр╕╣р╣Йр╕кр╕╢р╕Бр╕Кр╕╕р╣Ир╕бр╕Кр╕╖р╣Йр╕Щ р╕кр╕╣р╕Хр╕гр╣Ар╕Ир╕ер╕Лр╕╢р╕бр╕Лр╕▓р╕Ър╣Ар╕гр╣Зр╕з р╕Чр╕│р╣Гр╕лр╣Йр╕Ьр╕┤р╕зр╕Фр╕╣р╕Шр╕гр╕гр╕бр╕Кр╕▓р╕Хр╕┤ р╣Ар╕Ър╕▓р╣Бр╕ер╕░р╣Др╕бр╣Ир╕бр╕▒р╕Щ р╣Ар╕лр╕бр╕▓р╕░р╕кр╕│р╕лр╕гр╕▒р╕Ър╕Ьр╕┤р╕зр╕Чр╕╡р╣Ир╣Бр╕Юр╣Йр╕Зр╣Ир╕▓р╕в р╣Др╕бр╣Ир╕Чр╕│р╣Гр╕лр╣Йр╣Ар╕Бр╕┤р╕Фр╕кр╕┤р╕з р╕Чр╕│р╣Гр╕лр╣Йр╕Ьр╕┤р╕зр╕гр╕╣р╣Йр╕кр╕╢р╕Бр╕Кр╕╕р╣Ир╕бр╕Кр╕╖р╣Йр╕Щ,pos
р╣Др╕Фр╣Йр╕гр╕▒р╕Ър╕кр╕┤р╕Щр╕Др╣Йр╕▓р╕Хр╕гр╕зр╕Хр╕▓р╕бр╕Чр╕╡р╣Ир╕кр╕▒р╣Ир╕З р╣Ар╕Др╕вр╣Гр╕Кр╣Йр╕Др╕гр╕╡р╕бр╕Бр╕▒р╕Щр╣Бр╕Фр╕Фр╕кр╕╣р╕Хр╕гр╕Щр╕╡р╣Йр╣Бр╕Ър╕Ър╕Лр╕нр╕Зр╕бр╕▓р╣Бр╕ер╣Йр╕зр╣Ар╕ер╕вр╕кр╕▒р╣Ир╕Зр╣Бр╕Ър╕Ър╕Вр╕Щр╕▓р╕Фр╣Гр╕лр╕Нр╣Ир╕Вр╕╢р╣Йр╕Щ р╕Др╕гр╕╡р╕бр╕Бр╕▒р╕Щр╣Бр╕Фр╕Фр╕Лр╕╢р╕бр╣Ар╕гр╣Зр╕зр╣Ар╕лр╕бр╕▓р╕░р╕кр╕│р╕лр╕гр╕▒р╕Ър╕Чр╕╕р╕Бр╕кр╕ар╕▓р╕Юр╕Ьр╕┤р╕з р╣Ар╕Ър╕▓р╣Бр╕ер╕░р╣Др╕бр╣Ир╕бр╕▒р╕Щ р╕Чр╕│р╣Гр╕лр╣Йр╕Ьр╕┤р╕зр╕Фр╕╣р╕Шр╕гр╕гр╕бр╕Кр╕▓р╕Хр╕┤ р╣Ар╕лр╕бр╕▓р╕░р╕кр╕│р╕лр╕гр╕▒р╕Ър╣Гр╕Кр╣Йр╕Чр╕╕р╕Бр╕зр╕▒р╕Щ р╕Чр╕│р╣Гр╕лр╣Йр╕Ьр╕┤р╕зр╕гр╕╣р╣Йр╕кр╕╢р╕Бр╕Кр╕╕р╣Ир╕бр╕Кр╕╖р╣Йр╕Щ,pos
р╕Ыр╣Йр╕нр╕Зр╕Бр╕▒р╕Щр╕гр╕▒р╕Зр╕кр╕╡р╣Бр╕кр╕Зр╕нр╕▓р╕Чр╕┤р╕Хр╕вр╣Мр╣Гр╕Щр╕гр╕░р╕Фр╕▒р╕Ър╕кр╕╣р╕З р╕Ыр╣Йр╕нр╕Зр╕Бр╕▒р╕Щр╕гр╕▒р╕Зр╕кр╕╡р╣Бр╕кр╕Зр╕нр╕▓р╕Чр╕┤р╕Хр╕вр╣Мр╣Гр╕Щр╕гр╕░р╕Фр╕▒р╕Ър╕кр╕╣р╕З р╕Ыр╣Йр╕нр╕Зр╕Бр╕▒р╕Щр╕гр╕▒р╕Зр╕кр╕╡р╣Бр╕кр╕Зр╕нр╕▓р╕Чр╕┤р╕Хр╕вр╣Мр╣Гр╕Щр╕гр╕░р╕Фр╕▒р╕Ър╕кр╕╣р╕З р╕Ыр╣Йр╕нр╕Зр╕Бр╕▒р╕Щр╕гр╕▒р╕Зр╕кр╕╡р╣Бр╕кр╕Зр╕нр╕▓р╕Чр╕┤р╕Хр╕вр╣Мр╣Гр╕Щр╕гр╕░р╕Фр╕▒р╕Ър╕кр╕╣р╕З р╕Ыр╣Йр╕нр╕Зр╕Бр╕▒р╕Щр╕гр╕▒р╕Зр╕кр╕╡р╣Бр╕кр╕Зр╕нр╕▓р╕Чр╕┤р╕Хр╕вр╣Мр╣Гр╕Щр╕гр╕░р╕Фр╕▒р╕Ър╕кр╕╣р╕З,pos
р╕Лр╕╖р╣Йр╕нр╕бр╕▓р╣Гр╕Кр╣Йр╕лр╕ер╕▓р╕вр╕Др╕гр╕▒р╣Йр╕З р╕Фр╕╡р╕Ир╕гр╕┤р╕З р╕гр╕▓р╕Др╕▓р╕Ыр╕гр╕░р╕лр╕вр╕▒р╕Фр╕Бр╕▒р╕Ъ р╕Щр╣Йр╕нр╕в р╕Чр╕▓ р╕Кр╣Йр╕нр╕Щр╕Кр╕▓р╕Хр╕▓р╕бр╕Др╕│р╣Бр╕Щр╕░р╕Щр╕│ р╕Бр╕▒р╕Щр╕Фр╕│р╣Др╕Фр╣Йр╕Ир╕гр╕┤р╕Зр╕лр╕Щр╣Йр╕▓р╣Гр╕кр╕Вр╕╢р╣Йр╕Щ р╕Чр╕▓р╣Бр╕ер╣Йр╕зр╕лр╕Щр╣Йр╕▓р╕Ир╕░р╕кр╕зр╣Ир╕▓р╕Зр╕Вр╕╢р╣Йр╕Щр╕лр╕Щр╕╢р╣Ир╕Зр╕гр╕░р╕Фр╕▒р╕Ъ,pos
р╣Ар╕Ыр╣Зр╕Щр╕Бр╕▒р╕Щр╣Бр╕Фр╕Фр╕Чр╕╡р╣Ир╣Гр╕Кр╣Йр╕Фр╕╡р╕бр╕▓р╕Б р╕гр╕▓р╕Др╕▓р╕Цр╕╣р╕Бр╕бр╕▓р╕Б р╕Кр╕нр╕Ър╕бр╕▓р╕Б р╕Вр╕нр╕Зр╕Фр╕╡р╕бр╕╡р╕Др╕╕р╕Ур╕ар╕▓р╕Ю р╕Ир╕▒р╕Фр╕кр╣Ир╕Зр╕Др╣Ир╕нр╕Щр╕Вр╣Йр╕▓р╕Зр╣Ар╕гр╣Зр╕з р╣Бр╕Юр╣Зр╕Др╕Вр╕нр╕Зр╕Фр╕╡р╕бр╕▓р╕Б р╕гр╣Йр╕▓р╕Щр╕Щр╕╡р╣Йр╕Вр╕нр╕Зр╣Бр╕Чр╣Йр╣Бр╕Щр╣Ир╕Щр╕нр╕Щ,pos
р╕Др╕╕р╕Ур╕ар╕▓р╕Ю р╕Фр╕╡ р╣Ар╕Щр╕╖р╣Йр╕нр╕кр╕▒р╕бр╕Ьр╕▒р╕к р╕Др╕гр╕╡р╕бр╣Ар╕лр╕ер╕з р╕Ыр╕гр╕░р╕кр╕┤р╕Чр╕Шр╕┤р╕ар╕▓р╕Ю р╕Фр╕╡ р╣Др╕Фр╣Йр╕гр╕▒р╕Ър╕кр╕┤р╕Щр╕Др╣Йр╕▓р╕гр╕зр╕Фр╣Ар╕гр╣Зр╕зр╕зр╕▒р╕Щ р╣Бр╕Юр╣Зр╕Др╕кр╕┤р╕Щр╕Др╣Йр╕▓р╕бр╕▓р╣Др╕бр╣Ир╕бр╕╡р╣Ар╕кр╕╡р╕вр╕лр╕▓р╕в р╕кр╕┤р╕Щр╕Др╣Йр╕▓р╕Др╕гр╕Ър╕Цр╣Йр╕зр╕Щ р╕кр╕▒р╣Ир╕Зр╕Вр╕нр╕З р╕гр╕▒р╕Ър╕Ыр╕гр╕░р╕Бр╕▒р╕Щр╣Др╕Фр╣Йр╕зр╣Ир╕▓р╣Ар╕Ыр╣Зр╕Щр╣Бр╕Чр╣Йр╣Бр╕Щр╣Ир╕Щр╕нр╕Щ,pos
р╣Др╕Фр╣Йр╕гр╕▒р╕Ър╕кр╕┤р╕Щр╕Др╣Йр╕▓р╣Бр╕ер╣Йр╕з р╕Др╕╕р╣Йр╕бр╕Др╣Ир╕▓р╕Др╕╕р╣Йр╕бр╕гр╕▓р╕Др╕▓р╕Бр╕▓р╕гр╣Гр╕Кр╣Йр╕Зр╕▓р╕Щ р╕гр╕▓р╕Др╕▓р╣Вр╕Фр╕Щр╣Гр╕Ир╕бр╕▓р╕Б р╕гр╣Йр╕▓р╕Щр╕Ир╕▒р╕Фр╕кр╣Ир╕Зр╕гр╕зр╕Фр╣Ар╕гр╣Зр╕з р╕Вр╕Щр╕кр╣Ир╕Зр╕кр╣Ир╕Зр╕гр╕зр╕Фр╣Ар╕гр╣Зр╕з р╕гр╕▓р╕Др╕▓р╕Фр╕╡ р╕Др╕гр╕Ър╕Цр╣Йр╕зр╕Щ р╕Цр╕╣р╕Бр╕Хр╣Йр╕нр╕Зр╕Хр╕▓р╕бр╕кр╕▒р╣Ир╕Зр╕Фр╕╡р╕бр╕▓р╕Б р╕кр╕┤р╕Щр╕Др╣Йр╕▓р╣Гр╕Кр╣Йр╕Зр╕▓р╕Щр╣Др╕Фр╣Й р╣Бр╕Юр╣Зр╕Др╕кр╕┤р╕Щр╕Др╣Йр╕▓р╣Др╕Фр╣Йр╣Бр╕Щр╣Ир╕Щр╕лр╕Щр╕▓р╕Фр╕╡,pos
р╣Др╕бр╣Ир╕Чр╕│р╣Гр╕лр╣Йр╣Ар╕Бр╕┤р╕Фр╕кр╕┤р╕з р╕Чр╕│р╣Гр╕лр╣Йр╕Ьр╕┤р╕зр╕Фр╕╣р╕Шр╕гр╕гр╕бр╕Кр╕▓р╕Хр╕┤ р╣Ар╕Ър╕▓р╣Бр╕ер╕░р╣Др╕бр╣Ир╕бр╕▒р╕Щ р╕Ыр╣Йр╕нр╕Зр╕Бр╕▒р╕Щр╕гр╕▒р╕Зр╕кр╕╡р╣Бр╕кр╕Зр╕нр╕▓р╕Чр╕┤р╕Хр╕вр╣Мр╣Гр╕Щр╕гр╕░р╕Фр╕▒р╕Ър╕кр╕╣р╕З р╕кр╕╣р╕Хр╕гр╕Чр╕╡р╣Ир╣Др╕бр╣Ир╣Ар╕лр╕Щр╕╡р╕вр╕зр╣Ар╕лр╕Щр╕нр╕░р╕лр╕Щр╕░ р╕Кр╣Ир╕зр╕вр╣Гр╕лр╣Йр╣Ар╕бр╕Др╕нр╕▒р╕Юр╣Ар╕Щр╕╖р╣Йр╕нр╣Ар╕Щр╕╡р╕вр╕Щ р╣Ар╕лр╕бр╕▓р╕░р╕кр╕│р╕лр╕гр╕▒р╕Ър╣Гр╕Кр╣Йр╕Чр╕╕р╕Бр╕зр╕▒р╕Щ р╕Ыр╣Йр╕нр╕Зр╕Бр╕▒р╕Щр╕гр╕▒р╕Зр╕кр╕╡р╣Бр╕кр╕Зр╕нр╕▓р╕Чр╕┤р╕Хр╕вр╣Мр╣Гр╕Щр╕гр╕░р╕Фр╕▒р╕Ър╕кр╕╣р╕З р╕Чр╕│р╣Гр╕лр╣Йр╕Ьр╕┤р╕зр╕гр╕╣р╣Йр╕кр╕╢р╕Бр╕Кр╕╕р╣Ир╕бр╕Кр╕╖р╣Йр╕Щ,pos
р╕гр╕╣р╣Йр╕кр╕╢р╕Бр╣Ар╕Ър╕▓р╕Ър╕Щр╕Ьр╕┤р╕з р╣Ар╕лр╕бр╕▓р╕░р╕кр╕│р╕лр╕гр╕▒р╕Ър╕Бр╕▓р╕гр╣Гр╕Кр╣Йр╕Зр╕▓р╕Щр╕Ыр╕гр╕░р╕Ир╕│р╕зр╕▒р╕Щ р╕Бр╕▓р╕гр╕Ыр╣Йр╕нр╕Зр╕Бр╕▒р╕Щр╣Бр╕кр╕Зр╣Бр╕Фр╕Фр╕Чр╕╡р╣Ир╕вр╕▓р╕зр╕Щр╕▓р╕Щ р╣Ар╕Щр╕╖р╣Йр╕нр╣Ар╕Ир╕ер╕Лр╕╢р╕бр╕Лр╕▓р╕Ър╣Ар╕гр╣Зр╕з,pos
р╕кр╕╣р╕Хр╕гр╕Чр╕╡р╣Ир╣Др╕бр╣Ир╣Ар╕лр╕Щр╕╡р╕вр╕зр╣Ар╕лр╕Щр╕нр╕░р╕лр╕Щр╕░ р╣Др╕бр╣Ир╕Чр╕│р╣Гр╕лр╣Йр╣Ар╕Бр╕┤р╕Фр╕лр╕Щр╣Йр╕▓р╕Вр╕▓р╕з р╣Гр╕Кр╣Йр╕Зр╣Ир╕▓р╕вр╣Бр╕ер╕░р╕Ьр╕кр╕бр╕кр╕╡р╣Др╕Фр╣Йр╕Фр╕╡ р╕Чр╕│р╣Гр╕лр╣Йр╕Ьр╕┤р╕зр╕гр╕╣р╣Йр╕кр╕╢р╕Бр╕Кр╕╕р╣Ир╕бр╕Кр╕╖р╣Йр╕Щ,pos
р╕кр╕╣р╕Хр╕гр╣Ар╕Ир╕ер╕Лр╕╢р╕бр╕Лр╕▓р╕Ър╣Ар╕гр╣Зр╕з р╣Ар╕лр╕бр╕▓р╕░р╕кр╕│р╕лр╕гр╕▒р╕Ър╕Ьр╕┤р╕зр╕Чр╕╡р╣Ир╣Бр╕Юр╣Йр╕Зр╣Ир╕▓р╕в р╣Др╕бр╣Ир╕Чр╕│р╣Гр╕лр╣Йр╣Ар╕Бр╕┤р╕Фр╕кр╕┤р╕з р╣Ар╕лр╕бр╕▓р╕░р╕кр╕│р╕лр╕гр╕▒р╕Ър╣Гр╕Кр╣Йр╕Чр╕╕р╕Бр╕зр╕▒р╕Щ р╣Др╕бр╣Ир╕нр╕╕р╕Фр╕Хр╕▒р╕Щр╕гр╕╣р╕Вр╕╕р╕бр╕Вр╕Щ р╣Гр╕Кр╣Йр╕Зр╣Ир╕▓р╕вр╣Бр╕ер╕░р╕Ьр╕кр╕бр╕кр╕╡р╣Др╕Фр╣Йр╕Фр╕╡,pos
р╕кр╕╣р╕Хр╕гр╕Чр╕╡р╣Ир╣Др╕бр╣Ир╣Ар╕лр╕Щр╕╡р╕вр╕зр╣Ар╕лр╕Щр╕нр╕░р╕лр╕Щр╕░ р╕гр╕╣р╣Йр╕кр╕╢р╕Бр╣Ар╕Ър╕▓р╕Ър╕Щр╕Ьр╕┤р╕з р╣Гр╕Кр╣Йр╕Зр╣Ир╕▓р╕вр╣Бр╕ер╕░р╕Ьр╕кр╕бр╕кр╕╡р╣Др╕Фр╣Йр╕Фр╕╡ р╣Др╕бр╣Ир╕Чр╕│р╣Гр╕лр╣Йр╣Ар╕Бр╕┤р╕Фр╕лр╕Щр╣Йр╕▓р╕Вр╕▓р╕з р╕Ыр╕Бр╕Ыр╣Йр╕нр╕Зр╕Ир╕▓р╕Бр╕гр╕▒р╕Зр╕кр╕╡р╣Бр╕кр╕Зр╕нр╕▓р╕Чр╕┤р╕Хр╕вр╣Мр╕Чр╕╡р╣Ир╕вр╕▓р╕зр╕Щр╕▓р╕Щ,pos
р╕кр╣Ир╕Зр╣Ар╕гр╣Зр╕зр╕бр╕▓р╕Б р╕кр╕┤р╕Щр╕Др╣Йр╕▓р╕Др╕╕р╕Ур╕ар╕▓р╕Юр╕Фр╕╡р╕бр╕▓р╕Бр╣Ар╕ер╕в р╕кр╣Ир╕Зр╣Ар╕гр╣Зр╕зр╕бр╕▓р╕Б р╕кр╕┤р╕Щр╕Др╣Йр╕▓р╕Др╕╕р╕Ур╕ар╕▓р╕Юр╕Фр╕╡р╕бр╕▓р╕Б р╕кр╣Ир╕Зр╣Ар╕гр╣Зр╕зр╕бр╕▓р╕Б р╕кр╕┤р╕Щр╕Др╣Йр╕▓р╕Др╕╕р╕Ур╕ар╕▓р╕Юр╕Фр╕╡ р╕Лр╕╢р╕бр╣Ар╕гр╣Зр╕з р╕Др╕╕р╣Йр╕бр╕Др╣Ир╕▓р╕бр╕▓р╕Бр╕Чр╕╡р╣Ир╕кр╕╕р╕Ф р╕Цр╕╣р╕Бр╣Бр╕ер╕░р╕Фр╕╡р╕бр╕▓р╕Б р╣Бр╕Юр╣Зр╕Др╕бр╕▓р╕Фр╕╡р╕бр╕▓р╕Б,pos
р╣Ар╕лр╕бр╕▓р╕░р╕кр╕│р╕лр╕гр╕▒р╕Ър╕Чр╕╕р╕Бр╕кр╕ар╕▓р╕Юр╕Ьр╕┤р╕з р╕кр╕╣р╕Хр╕гр╕Ър╕▓р╕Зр╣Ар╕Ър╕▓р╣Бр╕ер╕░р╣Др╕бр╣Ир╕бр╕▒р╕Щ р╕Хр╕┤р╕Фр╕Чр╕Щр╕Щр╕▓р╕Щр╣Бр╕ер╕░р╕Бр╕▒р╕Щр╕Щр╣Йр╕│р╣Др╕Фр╣Й р╣Др╕бр╣Ир╕Чр╕┤р╣Йр╕Зр╕Др╕гр╕▓р╕Ър╣Ар╕лр╕Щр╕╡р╕вр╕з р╣Бр╕Юр╣Зр╕Др╕кр╕┤р╕Щр╕Др╣Йр╕▓р╕Фр╕╡,pos
р╕Др╕╕р╕Ур╕ар╕▓р╕Ю р╕Фр╕╡ р╣Гр╕Кр╣Йр╕Чр╕╕р╕Бр╕зр╕▒р╕Щ р╕Лр╕╖р╣Йр╕нр╕лр╕ер╕нр╕Фр╣Гр╕лр╕Нр╣Ир╣Др╕Ыр╣Ар╕ер╕в р╣Ар╕Щр╕╖р╣Йр╕нр╕кр╕▒р╕бр╕Ьр╕▒р╕к р╕лр╕Щр╕╖р╕Фр╕Щр╕┤р╕Фр╣Ж р╕кр╕╡р╕Вр╕▓р╕зр╕Вр╕╕р╣Ир╕Щ р╕Ыр╕гр╕░р╕кр╕┤р╕Чр╕Шр╕┤р╕ар╕▓р╕Ю р╕Фр╕╡ р╕лр╕Щр╣Йр╕▓р╣Др╕бр╣Ир╣Ар╕Ыр╣Зр╕Щр╕Эр╣Йр╕▓,pos
р╕кр╕┤р╕Щр╕Др╣Йр╕▓р╕Ир╕▒р╕Фр╕кр╣Ир╕Зр╕гр╕зр╕Фр╣Ар╕гр╣Зр╕з р╣Бр╕Юр╣Зр╕Др╕Вр╕нр╕Зр╕гр╕зр╕Фр╣Ар╕гр╣Зр╕з р╕кр╕▒р╣Ир╕Зр╕Хр╕нр╕Щр╣Ар╕Чр╕╡р╣Ир╕вр╕Зр╕Др╕╖р╕Щ р╕зр╕▒р╕Щр╕Цр╕▒р╕Фр╕бр╕▓р╣Др╕Фр╣Йр╕Вр╕нр╕Зр╣Ар╕ер╕в р╕гр╕▓р╕Др╕▓р╕Фр╕╡р╕бр╕▓р╕Бр╕Фр╣Йр╕зр╕вр╕Др╕гр╕▒р╕Ъ,pos
р╕Др╕╕р╕Ур╕ар╕▓р╕Ю р╕Фр╕╡р╕бр╕▓р╕Б р╣Гр╕Кр╣Йр╕бр╕▓р╕Хр╕ер╕нр╕Ф р╕лр╕ер╕▓р╕вр╕Ыр╕╡р╕бр╕▓р╕Б р╣Бр╕ер╣Йр╕з р╕Чр╕▓р╣Бр╕ер╣Йр╕зр╣Др╕бр╣Ир╣Бр╕Юр╣Й р╣Бр╕лр╣Йр╕Зр╣Ар╕гр╣Зр╕з р╣Бр╕Цр╕бр╕Бр╕▒р╕Щр╣Др╕Фр╣Йр╕Щр╕▓р╕Щр╕бр╕▓р╕Б р╕Чр╕▒р╣Йр╕Зр╕Чр╕╡р╣Ир╕нр╕нр╕Бр╣Бр╕Фр╕Фр╕Ър╣Ир╕нр╕в,pos
р╕кр╣Ир╕Зр╕Вр╕нр╕Зр╕Др╕гр╕Ъ р╕бр╕╡р╕Вр╕нр╕Зр╣Бр╕Цр╕бр╕бр╕▓р╕Фр╣Йр╕зр╕в р╕Др╕гр╕╡р╕вр╕Бр╕▒р╕Щр╣Бр╕Фр╕Фр╕Чр╕╡р╣Ир╣Ар╕лр╕бр╕▓р╕░р╕кр╕│р╕лр╕гр╕▒р╕Ър╣Гр╕Кр╣Йр╕Ыр╕гр╕░р╕Ир╕│р╕зр╕▒р╕Щ р╣Др╕бр╣Ир╕Чр╕┤р╣Йр╕Зр╕Др╕гр╕▓р╕Ър╣Ар╕лр╕Щр╕╡р╕вр╕з р╕Чр╕│р╣Гр╕лр╣Йр╕Ьр╕┤р╕зр╣Ар╕Щр╕╡р╕вр╕Щ,pos
р╕Юр╕▒р╕кр╕Фр╕╕р╕Ир╕▒р╕Фр╕кр╣Ир╕Зр╣Ар╕гр╣Зр╕зр╕бр╕▓р╕Б р╕кр╣Ир╕Зр╕бр╕▓р╣Ар╕гр╕╡р╕вр╕Ър╕гр╣Йр╕нр╕в р╕кр╕┤р╕Щр╕Др╣Йр╕▓р╕Хр╕▒р╕зр╕Щр╕╡р╣Йр╣Гр╕Кр╣Йр╕Фр╕╡ р╣Др╕бр╣Ир╣Ар╕лр╕Щр╕╡р╕вр╕зр╕лр╕Щр╣Йр╕▓ р╣Гр╕Кр╣Йр╣Бр╕ер╣Йр╕зр╕Кр╕нр╕Ър╣Ар╕ер╕вр╣Гр╕лр╣Йр╕Др╕╕р╕Ур╣Бр╕бр╣Ир╕ер╕нр╕Зр╕Фр╣Йр╕зр╕в,pos
р╕Ир╕▒р╕Фр╕кр╣Ир╕Зр╕гр╕зр╕Фр╣Ар╕гр╣Зр╕з 2 р╕зр╕▒р╕Щр╕Цр╕╢р╕З р╣Ар╕лр╕бр╕▓р╕░р╕кр╕│р╕лр╕гр╕▒р╕Ър╕Бр╕▓р╕гр╣Гр╕Кр╣Йр╕Зр╕▓р╕Щр╕Ыр╕гр╕░р╕Ир╕│р╕зр╕▒р╕Щ р╣Др╕бр╣Ир╕Чр╕┤р╣Йр╕Зр╕Др╕гр╕▓р╕Ър╣Ар╕лр╕Щр╕╡р╕вр╕з р╕Др╕╕р╣Йр╕бр╕Др╣Ир╕▓р╕Бр╕▒р╕Ър╣Ар╕Зр╕┤р╕Щр╕Чр╕╡р╣Ир╕Ир╣Ир╕▓р╕в,pos
р╕Лр╕╖р╣Йр╕нр╣Ар╕Ыр╣Зр╕Щр╕гр╕нр╕Ър╕Чр╕╡р╣И 3 р╣Бр╕ер╣Йр╕з р╣Гр╕Кр╣Йр╕Фр╕╡р╕бр╕▓р╕Б р╕Лр╕╢р╕бр╣Ар╕Вр╣Йр╕▓р╕Ьр╕┤р╕зр╣Др╕Фр╣Йр╕нр╕вр╣Ир╕▓р╕Зр╕гр╕зр╕Фр╣Ар╕гр╣Зр╕з р╣Др╕бр╣Ир╣Ар╕лр╕Щр╕╡р╕вр╕зр╣Ар╕лр╕Щр╕нр╕░р╕лр╕Щр╕░ р╕бр╕▓р╣Ар╕Ыр╣Зр╕Щр╕Ыр╕гр╕░р╕Ир╕│ р╕Чр╕╕р╕Бр╕зр╕▒р╕Щ,pos
р╕кр╕┤р╕Щр╕Др╣Йр╕▓р╕Др╕╕р╕Ур╕ар╕▓р╕Юр╕Фр╕╡р╕кр╕▒р╣Ир╕Зр╕зр╕▒р╕Щр╣Ар╕Фр╕╡р╕вр╕зр╣Др╕Фр╣Йр╕гр╕▒р╕Ър╕Вр╕нр╕Зр╕ар╕▓р╕вр╣Гр╕Щ 2р╕зр╕▒р╕Щ р╣Ар╕вр╕╡р╣Ир╕вр╕бр╕бр╕▓р╕Б р╕Др╕гр╕╡р╕бр╕Бр╕▒р╕Щр╣Бр╕Фр╕Фр╕Чр╕╡р╣Ир╕Фр╕╡р╕кр╕│р╕лр╕гр╕▒р╕Ър╣Гр╕Кр╣Йр╕Бр╕▒р╕Ър╣Гр╕Ър╕лр╕Щр╣Йр╕▓,pos
р╕Ыр╣Йр╕нр╕Зр╕Бр╕▒р╕Щр╕гр╕▒р╕Зр╕кр╕╡р╕вр╕╣р╕зр╕╡р╣Др╕Фр╣Йр╕нр╕вр╣Ир╕▓р╕Зр╕бр╕╡р╕Ыр╕гр╕░р╕кр╕┤р╕Чр╕Шр╕┤р╕ар╕▓р╕Юр╕кр╕╣р╕З р╣Ар╕лр╕бр╕▓р╕░р╕кр╕│р╕лр╕гр╕▒р╕Ър╣Гр╕Кр╣Йр╕Ыр╕гр╕░р╕Ир╕│р╕зр╕▒р╕Щ р╕Кр╣Ир╕зр╕вр╕Др╕зр╕Ър╕Др╕╕р╕бр╕Др╕зр╕▓р╕бр╕бр╕▒р╕Щр╕Ър╕Щр╕Ьр╕┤р╕з,pos
р╣Др╕Фр╣Йр╕гр╕▒р╕Ър╕кр╕┤р╕Щр╕Др╣Йр╕▓р╕Хр╕гр╕Зр╕Хр╕▓р╕бр╕Чр╕╡р╣Ир╕кр╕▒р╣Ир╕Зр╕Лр╕╖р╣Йр╕н р╕кр╕┤р╕Щр╕Др╣Йр╕▓р╕бр╕╡р╕Др╕╕р╕Ур╕ар╕▓р╕Юр╕Фр╕╡ р╕Бр╕▓р╕гр╕Ир╕▒р╕Фр╕кр╣Ир╕Зр╕Чр╕│р╣Др╕Фр╣Йр╕гр╕зр╕Фр╣Ар╕гр╣Зр╕зр╕Хр╕▓р╕бр╕Бр╕│р╕лр╕Щр╕Фр╣Ар╕зр╕ер╕▓р╕Чр╕╡р╣Ир╕гр╕░р╕Ър╕╕р╣Др╕зр╣Й,pos
р╣Гр╕Кр╣Йр╕бр╕▓р╕Щр╕▓р╕Щ р╕Ър╕нр╕Бр╣Ар╕ер╕вр╕зр╣Ир╕▓р╕Фр╕╡р╕бр╕▓р╕Б р╣Ар╕лр╕бр╕▓р╕░р╕кр╕│р╕лр╕гр╕▒р╕Ър╕Чр╕╕р╕Бр╕кр╕ар╕▓р╕Юр╕Ьр╕┤р╕з р╕кр╕╣р╕Хр╕гр╕Ър╕▓р╕Зр╣Ар╕Ър╕▓р╣Бр╕ер╕░р╣Др╕бр╣Ир╕бр╕▒р╕Щ р╕Хр╕┤р╕Фр╕Чр╕Щр╕Щр╕▓р╕Щр╣Бр╕ер╕░р╕Бр╕▒р╕Щр╕Щр╣Йр╕│р╣Др╕Фр╣Й,pos
р╕гр╕░р╕Фр╕▒р╕Ъ р╕Щр╣Йр╕│р╕лр╕Щр╕▒р╕Бр╣Ар╕Ър╕▓р╣Бр╕ер╕░р╣Др╕бр╣Ир╕бр╕▒р╕Щр╣Ар╕вр╕┤р╣Йр╕б р╕Бр╕▓р╕гр╕Ыр╣Йр╕нр╕Зр╕Бр╕▒р╕Щр╣Бр╕кр╕Зр╣Бр╕Фр╕Фр╕Чр╕╡р╣Ир╕вр╕▓р╕зр╕Щр╕▓р╕Щ р╣Др╕бр╣Ир╕нр╕╕р╕Фр╕Хр╕▒р╕Щр╕гр╕╣р╕Вр╕╕р╕бр╕Вр╕Щ р╣Гр╕лр╣Йр╕Др╕зр╕▓р╕бр╕Кр╕╕р╣Ир╕бр╕Кр╕╖р╣Йр╕Щр╣Бр╕Бр╣Ир╕Ьр╕┤р╕з р╕Чр╕┤р╣Йр╕Зр╕Ьр╕┤р╕зр╕кр╕▒р╕бр╕Ьр╕▒р╕кр╣Ар╕гр╕╡р╕вр╕Ър╣Бр╕ер╕░р╕Фр╣Йр╕▓р╕Щ р╣Ар╕лр╕бр╕▓р╕░р╕кр╕│р╕лр╕гр╕▒р╕Ър╕Ьр╕┤р╕зр╣Бр╕Юр╣Йр╕Зр╣Ир╕▓р╕в р╕Лр╕╢р╕бр╣Ар╕Вр╣Йр╕▓р╕кр╕╣р╣Ир╕Ьр╕┤р╕зр╕нр╕вр╣Ир╕▓р╕Зр╕гр╕зр╕Фр╣Ар╕гр╣Зр╕з р╣Ар╕лр╕бр╕▓р╕░р╕кр╕│р╕лр╕гр╕▒р╕Ър╕Бр╕┤р╕Ир╕Бр╕гр╕гр╕бр╕Бр╕ер╕▓р╕Зр╣Бр╕Ир╣Йр╕З,pos
р╣Др╕Фр╣Йр╕ер╕нр╕Зр╣Гр╕Кр╣Йр╣Бр╕ер╣Йр╕з р╕Кр╕нр╕Ъ р╕Ыр╕гр╕░р╕Чр╕▒р╕Ър╣Гр╕И р╕лр╕нр╕бр╕Бр╕ер╕┤р╣Ир╕Щр╣Ар╕ер╕бр╕нр╕Щ р╣Ар╕Щр╕╖р╣Йр╕нр╕Ър╕▓р╕Зр╣Ар╕Ър╕▓ р╕кр╣Ир╕Зр╣Ар╕гр╣Зр╕з р╣Бр╕ер╕░р╕Ир╕░р╕бр╕╡р╕кр╕▒р╣Ир╕Зр╣Гр╕Кр╣Йр╕нр╕╡р╕Бр╕нр╕вр╣Ир╕▓р╕Зр╣Бр╕Щр╣Ир╕Щр╕нр╕Щ р╕Вр╕нр╕Зр╕Ьр╕ер╕┤р╕Хр╕ар╕▒р╕Ур╕Ср╣Мр╕вр╕╡р╣Ир╕лр╣Йр╕нр╕Щр╕╡р╣Й,pos
р╣Ар╕Бр╕ер╕╡р╕вр╕Ф р╕Кр╕нр╕Ър╕лр╕ер╕нр╕Бр╣Гр╕лр╣Йр╕кр╕▒р╣Ир╕Зр╕Лр╕╖р╣Йр╕н р╕Чр╕╡р╣Ир╣Др╕лр╕Щр╣Др╕Фр╣Йр╣Др╕бр╣Ир╕бр╕╡р╕кр╕┤р╣Йр╕Щр╕Др╣Йр╕▓,neg
р╕кр╕┤р╕Щр╕Др╣Йр╕▓р╕Фр╣Йр╕нр╕вр╕Др╕╕р╕Ур╕ар╕▓р╕Ю,neg
р╕кр╕┤р╕Щр╕Др╣Йр╕▓р╕лр╕бр╕Фр╕Чр╕│р╣Др╕бр╣Др╕бр╣Ир╣Бр╕Ир╣Йр╕Зр╕Вр╕╢р╣Йр╕Щр╕зр╣Ир╕▓р╕лр╕бр╕Фр╕нр╕░.р╕Бр╕Фр╣Гр╕кр╣Ир╕Хр╕░р╕Бр╕гр╣Йр╕▓р╣Др╕Ыр╣Ар╕Цр╕нр╕░.р╣Ар╕Лр╣Зр╕Зр╣Ар╕гр╕в,neg
р╕нр╕вр╣Ир╕▓р╕Чр╕│р╣Бр╕Ър╕Ър╕Щр╕╡р╣Йр╕Бр╕▒р╕Ър╣Гр╕Др╕гр╕нр╕╡р╕Бр╕Щр╕░р╕Др╣Ир╕░р╣Бр╕вр╣Ир╕бр╕▓р╕Бр╕Др╣Ир╕░,neg
р╕Др╕╖р╕нр╣Ар╣Ар╕Ър╕Ър╕Ьр╕┤р╕Фр╕лр╕зр╕▒р╕Зр╕бр╕▓р╕Б р╣Ар╣Ар╕вр╣Ир╕Чр╕╡р╣Ир╕кр╕╕р╕Фр╣Др╕Фр╣Йр╕Вр╕нр╕Зр╕бр╕▓р╕Эр╕▓р╣Ар╣Ар╕Хр╕Б р╣Ар╣Ар╕Хр╕Бр╕Щр╕┤р╕Фр╕лр╕Щр╣Ир╕нр╕вр╣Др╕бр╣Ир╕зр╣Ир╕▓р╣Ар╣Ар╕Хр╕Бр╣Ар╕вр╕нр╕░р╕бр╕▓р╕Б р╕Др╕гр╕▒р╣Йр╕Зр╣Ар╕Фр╕╡р╕вр╕зр╕Юр╕нр╕Ир╕Ър╣Ар╣Ар╕вр╕БЁЯШв,neg
р╕кр╣Ир╕Зр╕Кр╣Йр╕▓р╕Ир╕▒р╕З р╕гр╕нр╕Щр╕▓р╕Щр╕бр╕▓р╕Б р╕вр╕Бр╣Ар╕ер╕┤р╕Бр╕Бр╣Йр╕нр╣Др╕бр╣Ир╣Др╕Фр╣Й,neg
р╣Бр╕вр╣Ир╕бр╕▓р╕Бр╕Бр╕Бр╕Бр╕Бр╕Бр╕Др╣Ир╕░ р╣Ар╕нр╕▓р╕Вр╕нр╕Зр╕Юр╕▒р╕Зр╕бр╕▓р╣Гр╕лр╣Йр╕Йр╕╕р╕Щр╕бр╕▓р╕Фр╕Др╣Ир╕░р╣Др╕бр╣Ир╕Юр╕нр╣Гр╕Ир╣Ар╕Ыр╣Зр╕Щр╕нр╕вр╣Ир╕▓р╕Зр╕бр╕▓р╕Бр╕Др╣Ир╕░. р╕кр╣Ир╕Зр╕Вр╕нр╕З р╕Бр╣Зр╣Др╕бр╣Ир╣Др╕Фр╣Йр╣Гр╕Ър╣Ар╕кр╕гр╣Зр╕И. р╣Др╕бр╣Ир╣Др╕лр╕зр╕Ир╕░р╣Ар╕Др╕ер╕╡р╕вр╕гр╣М,neg
р╣Др╕бр╣Ир╣Бр╕Щр╕░р╕Щр╕│р╕Лр╕╖р╣Йр╕нр╕бр╕▓р╣Гр╕Кр╣Йр╣Др╕Фр╣Йр╕зр╕▒р╕Щр╣Ар╕Фр╕╡р╕вр╕зр╣Гр╕Кр╣Йр╣Др╕бр╣Ир╣Др╕Фр╣Йр╣Бр╕ер╣Йр╕з,neg
р╣Бр╕вр╣Ир╣Жр╕кр╕▒р╣Ир╕Зр╕кр╕┤р╕Щр╕Др╣Йр╕▓р╣Др╕Ыр╕лр╕ер╕▓р╕вр╕зр╕▒р╕Щр╣Бр╕ер╣Йр╕зр╣Др╕бр╣Ир╕кр╣Ир╕Зр╣Гр╕лр╣Йр╕кр╕▒р╕Бр╕Чр╕╡р╣Ар╕лр╕Щр╕╖р╣Ир╕нр╕вр╕Бр╕▒р╕Ър╕Бр╕▓р╕гр╕гр╕нр╕Др╕нр╕в,neg
р╣Ар╕кр╕╡р╕вр╕Др╕зр╕▓р╕бр╕гр╕╣р╣Йр╕кр╕╢р╕Бр╕нр╕вр╣Ир╕▓р╕Зр╕бр╕▓р╕Б р╕кр╕зр╕вр╣Бр╕Хр╣Ир╣Гр╕Щр╕гр╕╣р╕Ыр╣Гр╕кр╣Ир╣Др╕Фр╣Йр╕Др╕гр╕▒р╣Йр╕Зр╣Ар╕Фр╕╡р╕вр╕з р╣Др╕бр╣Ир╕Фр╕╡,neg
р╣Гр╕Кр╣Йр╣Ар╕Фр╕╖р╕нр╕Щр╣Ар╕Фр╕╡р╕вр╕зр╕Юр╕▒р╕Зр╣Бр╕вр╣Ир╣Жр╕бр╕▓р╕Бр╣Ж,neg
р╣Ар╕кр╕╡р╕вр╣Гр╕Ир╕Др╕зр╕▓р╕бр╕гр╕╣р╣Йр╕кр╕╢р╕Бр╕бр╕▓р╕Бр╕Бр╕гр╕░р╣Ар╕Ыр╣Лр╕▓р╕Ър╕▓р╕Зр╕бр╕▓р╕Бр╣Др╕бр╣Ир╕Хр╕гр╕Зр╕Бр╕░р╣Бр╕Ър╕Ър╕кр╕┤р╕Щр╕Др╣Йр╕▓р╕Чр╕╡р╣Ир╕ер╕Зр╕Бр╕▓р╕гр╣Бр╕Юр╣Зр╕Др╕Вр╕нр╕Зр╕кр╣Ир╕Зр╕Бр╣Зр╣Бр╕вр╣Ир╣Ар╕нр╕▓р╕Цр╕╕р╕Зр╕Фр╕│р╕Чр╕╡р╣Ир╣Гр╕кр╣Ир╕Вр╕вр╕░р╣Бр╕Цр╕бр╕кр╕Бр╕Ыр╕гр╕Бр╕бр╕▓р╕Бр╕Чр╕│р╣Др╕бр╣Др╕бр╣Ир╕Хр╕гр╕зр╕Ир╕кр╕нр╕Ър╕Бр╣Ир╕нр╕Щр╕кр╣Ир╕Зр╕Цр╕╢р╕Зр╕бр╕╖р╕нр╕ер╕╣р╕Бр╕Др╣Йр╕▓р╣Ар╕гр╕▓р╣Др╕Ыр╕Лр╕╖р╣Йр╕нр╕Вр╕нр╕Зр╕Др╕╕р╕Ур╕Щр╕░р╣Др╕бр╣Ир╣Др╕Фр╣Йр╣Др╕Ыр╕Вр╕нр╕Яр╕гр╕╡р╣Жр╕Ыр╕гр╕▒р╕Ър╕Ыр╕гр╕╕р╕Зр╕Фр╣Ир╕зр╕Щ!!!!,neg
р╕Бр╕▓р╕гр╕кр╣Ир╕Зр╕Вр╕нр╕Зр╣Бр╕вр╣Ир╕бр╕▓р╕Б р╕Вр╕Щр╕▓р╕Фр╕Хр╕░р╣Вр╕Бр╕Щр╕зр╣Ир╕▓р╕гр╕нр╣Ар╕Фр╕╡р╣Лр╕вр╕з р╕вр╕▒р╕Зр╣Вр╕вр╕Щр╕кр╕┤р╕Щр╕Др╣Йр╕▓р╕Вр╣Йр╕▓р╕бр╕гр╕▒р╣Йр╕з р╕Цр╣Йр╕▓р╣Вр╕Щр╣Йр╕Хр╕Ър╕╕р╕Др╣Ар╕кр╕╡р╕вр╕лр╕▓р╕вр╕Ир╕░р╕Чр╕│р╕вр╕▒р╕Зр╣Др╕З,neg
р╣Гр╕Кр╣Йр╣Гр╕Щр╕гр╕Цр╕гр╕░р╕Ър╕Ър╣Ар╕кр╕╡р╕в р╕Юр╕▒р╕Зр╣Гр╕Кр╣Йр╕Хр╣Ир╕нр╣Др╕бр╣Ир╣Др╕Фр╣Й,neg
р╕Ьр╕┤р╕Фр╕лр╕зр╕▒р╕З р╕ер╕Ър╣Др╕бр╣Ир╕нр╕нр╕Б,neg
р╕лр╕бр╕Фр╕нр╕▓р╕вр╕╕р╣Бр╕ер╣Йр╕зр╣Др╕бр╣Ир╕Др╕зр╕гр╣Ар╕нр╕▓р╕бр╕▓р╕ер╕Зр╕Вр╕▓р╕вр╕Др╣Ир╕░р╣Ар╕кр╕╡р╕вр╣Гр╕Ир╕Ьр╕┤р╕Фр╕лр╕зр╕▒р╕Зр╕бр╕▓р╕Бр╣Жр╕Др╣Ир╕░р╕Бр╕зр╣Ир╕▓р╕Ир╕░р╕лр╕бр╕Фр╣Бр╕Юр╕Зр╕Фр╣Йр╕зр╕вр╕Щр╕░,neg
р╕кр╣Ир╕Зр╕Кр╣Йр╕▓р╕бр╕▓р╕Б р╕Хр╕нр╕Щр╕Щр╕╡р╣Йр╕вр╕▒р╕Зр╣Др╕бр╣Ир╣Др╕Фр╣Йр╕Вр╕нр╕З,neg
р╣Др╕Фр╣Йр╕гр╕▒р╕Ър╕Вр╕нр╕Зр╣Бр╕ер╣Йр╕зр╕Ьр╕┤р╕Фр╕лр╕зр╕▒р╕Зр╕бр╕▓р╕Б р╣Др╕бр╣Ир╕Фр╕╡р╣Ар╕ер╕вр╕Др╣Ир╕░,neg
р╕кр╕┤р╕Щр╕Др╣Йр╕▓р╣Др╕бр╣Ир╕бр╕╡р╕Др╕╕р╕Ур╕ар╕▓р╕Юр╕кр╕▓р╕вр╕Бр╕▓р╕Зр╣Ар╕Бр╕Зр╣Др╕бр╣Ир╣Ар╕Чр╣Ир╕▓р╕Бр╕▒р╕Щ,neg
р╕Кр╣Йр╕▓р╕кр╕╕р╕Фр╣Жр╕гр╕нр╕Ир╕Щр╕гр╕│р╕Др╕▓р╕Нр╕ер╕░,neg
р╕кр╕┤р╕Щр╕Др╣Йр╕▓р╣Др╕бр╣Ир╣Ар╕лр╕бр╕╖р╕нр╕Щр╣Гр╕Щр╕гр╕╣р╕Ы р╕Ьр╕┤р╕Фр╕лр╕зр╕▒р╕Зр╕бр╕▓р╕Б р╣Ар╕вр╣Зр╕Ър╣Др╕бр╣Ир╕Фр╕╡р╣Ар╕ер╕в,neg
р╣Гр╕Кр╣Йр╣Бр╕ер╣Йр╕зр╕кр╕┤р╕зр╕Вр╕╢р╣Йр╕Щр╣Ар╕Хр╣Зр╕бр╣Ар╕ер╕вр╣Др╕бр╣Ир╕гр╕╣р╣Йр╣Бр╕Юр╣Йр╕гр╕╢р╣Ар╕Ыр╕ер╣Ир╕▓....р╣Ар╕Лр╣Зр╕Зр╣Ар╕ер╕вр╣Ар╕лр╕ер╕╖р╕нр╕Хр╕▒р╣Йр╕Зр╣Ар╕вр╕нр╕░р╣Ар╕кр╕╡р╕вр╕Фр╕▓р╕вр╕бр╕▓р╕Б,neg
р╕Др╕╕р╕Ур╕ар╕▓р╕Юр╣Бр╕вр╣Ир╕бр╕▓р╕Бр╣Гр╕Кр╣Йр╕Зр╕▓р╕Щр╣Др╕бр╣Ир╣Др╕Фр╣Йр╣Бр╕бр╣Йр╣Бр╕Хр╣Ир╕Др╕гр╕▒р╣Йр╕Зр╣Ар╕Фр╕╡р╕вр╕з,neg
р╕Ьр╕┤р╕Фр╕лр╕зр╕▒р╕Зр╕бр╕▓р╕Б р╣Др╕бр╣Ир╣Бр╕Щр╕░р╕Щр╕│р╣Гр╕лр╣Йр╣Гр╕Кр╣Йр╕Др╣Ир╕░,neg
р╕кр╕гр╕╕р╕Ыр╣Бр╕Юр╕Зр╕Бр╕зр╣Ир╕▓р╕Чр╣Йр╕нр╕Зр╕Хр╕ер╕▓р╕Фр╕Др╕░р╣Бр╕вр╣Ир╕бр╕▓р╕Бр╣Ар╕кр╕╡р╕вр╕Др╕зр╕▓р╕б,neg
р╕гр╕╣р╣Йр╕кр╕╢р╕Бр╕Ьр╕┤р╕Фр╕лр╕зр╕▒р╕Зр╕бр╕▓р╕Б р╣Др╕бр╣Ир╣Гр╕Кр╣Ир╣Бр╕Ър╕Ър╕Чр╕╡р╣Ир╕лр╕зр╕▒р╕Зр╣Др╕зр╣Йр╣Ар╕ер╕вр╕в,neg
р╣Бр╕вр╣Ир╕бр╕▓р╕Бр╣Жр╣Жр╣Жр╣Ж р╣Др╕бр╣Ир╕кр╣Ир╕Зр╕Вр╕нр╕Зр╣Бр╕Цр╕бр╕бр╕▓р╣Гр╕лр╣Йр╕Хр╕▓р╕бр╕Чр╕╡р╣Ир╣Вр╕Жр╕йр╕Ур╕▓,neg
р╕Зр╕▓р╕Щр╣Др╕бр╣Ир╕Др╣Ир╕нр╕вр╕Фр╕╡ р╣Др╕бр╣Ир╕кр╕бр╕Бр╕▒р╕Ър╕гр╕▓р╕Др╕▓,neg
р╣Бр╕вр╣Ир╕бр╕▓р╕Бр╣Ар╕ер╕в р╕Щр╕бр╣Гр╕Бр╕ер╣Йр╕лр╕бр╕Фр╕нр╕▓р╕вр╕╕ р╕Др╕гр╕▒р╣Йр╕Зр╕Щр╕╡р╣Йр╕Др╕гр╕▒р╣Йр╕Зр╕кр╕╕р╕Фр╕Чр╣Йр╕▓р╕вр╕Щр╕░р╕Др╕░р╕Чр╕╡р╣Ир╕Ир╕░р╕кр╕▒р╣Ир╕З,neg
р╣Гр╕Кр╣Йр╣Др╕Фр╣Йр╣Др╕бр╣Ир╕Бр╕╡р╣Ир╣Ар╕Фр╕╖р╕нр╕Щр╕Бр╣Зр╕Юр╕▒р╕Зр╕ер╣Ир╕░р╕вр╕▒р╕Зр╣Гр╕Кр╣Йр╣Др╕бр╣Ир╕Др╕╕р╣Йр╕бр╕Бр╕▒р╕Ър╕гр╕▓р╕Др╕▓р╕Чр╕╡р╣Ир╕Лр╕╖р╣Йр╕нр╕бр╕▓р╣Ар╕ер╕в,neg
р╣Ар╕кр╕╡р╕вр╕Фр╕▓р╕вр╕Чр╕╡р╣Ир╣Др╕зр╣Йр╣Гр╕Ир╣Гр╕Кр╣Йр╕Ър╕гр╕┤р╕Бр╕▓р╕гр╕Ьр╕┤р╕Фр╕лр╕зр╕▒р╕Зр╕бр╕▓р╕Б р╣Ар╕нр╕▓р╕кр╕┤р╕Щр╕Др╣Йр╕▓р╕Вр╕нр╕Зр╕Др╕╕р╕Ур╕Др╕╖р╕нр╣Др╕Ыр╣Ар╕Цр╕нр╕░ р╣Бр╕ер╣Йр╕зр╕Др╕╖р╕Щр╣Ар╕Зр╕┤р╕Щр╣Гр╕лр╣Йр╣Ар╕гр╕▓ р╕кр╕▒р╣Ир╕Зр╕Вр╕нр╕Зр╕Бр╣Зр╕Ър╣Ир╕нр╕вр╕Хр╣Ир╕нр╣Др╕Ыр╣Др╕бр╣Ир╕кр╕▒р╣Ир╕Зр╣Бр╕ер╣Йр╕з р╣Бр╕вр╣Ир╕бр╕▓р╕Бр╣Жр╣Жр╣Жр╣Жр╣Жр╣Жр╣Жр╣Жр╣Жр╣Жр╣Жр╣Жр╣Жр╣Ж,neg
р╣Бр╕вр╣Ир╕бр╕▓р╕Бр╕нр╕вр╣Ир╕▓р╕кр╕▒р╣Ир╕Зр╕Щр╕░,neg
р╣Бр╕вр╣Ир╕бр╕▓р╕Б р╕гр╕╣р╕Ыр╕Фр╕╣р╕кр╕зр╕вр╕лр╕гр╕╣р╕Фр╕╡р╕Щр╕░ р╣Бр╕Хр╣Ир╕бр╕▓р╣Ар╕Ир╕нр╕Вр╕нр╕Зр╕Ир╕гр╕┤р╕Зр╕Щр╕╡р╣Ир╣Бр╕вр╣Ир╕кр╕╕р╕Фр╣Ж р╕кр╕┤р╕Щр╕Др╣Йр╕▓р╣Др╕бр╣Ир╕кр╕бр╕Бр╕▒р╕Ър╕гр╕▓р╕Др╕▓р╣Ар╕ер╕в,neg
р╣Бр╕вр╣Ир╕бр╕▓р╕Бр╣Ар╕кр╕╡р╕вр╕Фр╕▓р╕вр╣Ар╕Зр╕┤р╕Щ,neg
р╕кр╕┤р╕Щр╕Др╣Йр╕▓р╕бр╕╡р╕гр╕нр╕вр╕Хр╕│р╕лр╕Щр╕┤ р╣Ар╕Ыр╣Зр╕Щр╕гр╕нр╕вр╕Зр╣Ир╕▓р╕в,neg
р╕кр╕┤р╕Щр╕Др╣Йр╕▓р╕Др╕╕р╕Ур╕ар╕▓р╕Юр╣Бр╕вр╣Ир╕бр╕▓р╕Б р╕зр╕▒р╕кр╕Фр╕╕р╣Ар╕лр╕бр╕╖р╕нр╕Щр╕лр╕бр╕Фр╕нр╕▓р╕вр╕╕р╣Бр╕ер╣Йр╕з,neg
р╕кр╕┤р╕Щр╕Др╣Йр╕▓р╕кр╣Ир╕Зр╕бр╕▓р╣Бр╕Хр╕Бр╕лр╕▒р╕Б р╕вр╕▒р╕Зр╣Др╕бр╣Ир╣Др╕Фр╣Йр╕Ыр╕гр╕░р╕Бр╕нр╕Ър╣Ар╕ер╕в р╣Ар╕кр╕╡р╕вр╕Др╕зр╕▓р╕бр╕гр╕╣р╣Йр╕кр╕╢р╕Б,neg
р╕Лр╕╖р╣Йр╕нр╣Бр╕ер╣Йр╕зр╕Ьр╕┤р╕Фр╕лр╕зр╕▒р╕Зр╕кр╕┤р╕Щр╕Др╣Йр╕▓р╣Др╕бр╣Ир╕бр╕╡р╕Др╕╕р╕Ур╕ар╕▓р╕Ю,neg
р╣Бр╕вр╣Ир╕бр╕▓р╕Б р╕Ър╕┤р╕Фр╕Щр╣Йр╕│р╣Др╕бр╣Ир╣Бр╕лр╣Йр╕З р╣Ар╕кр╕╡р╕вр╕Фр╕▓р╕вр╕Хр╕▒р╕Зр╕бр╕▓р╕Б,neg
р╕Хр╕Бр╣Гр╕Ир╕бр╕▓р╕Б р╣Вр╕Др╕Хр╕гр╣Бр╕вр╣И р╕Бр╣Ир╕нр╕Щр╕лр╕Щр╣Йр╕▓р╕Щр╕╡р╣Йр╣Гр╕Кр╣Йр╕Фр╕╡ р╕Кр╕нр╕Ър╕бр╕▓р╕Б р╕Ыр╕ер╕нр╕Фр╕ар╕▒р╕вр╕Фр╕╡ р╕Хр╕нр╕Щр╕гр╕░р╣Ар╕Ър╕┤р╕Фр╕бр╕╡р╕Бр╕ер╕┤р╣Ир╕Щр╣Др╕лр╕бр╣Йр╕Бр╕▒р╕Ър╕Ыр╕гр╕░р╕Бр╕▓р╕вр╣Др╕Я р╣Др╕бр╣Ир╣Ар╕Ыр╣Зр╕Щр╣Бр╕Ьр╕ер╣Бр╕Хр╣Ир╣Ар╕Ыр╣Зр╕Щр╕Фр╕│р╣Ж р╕Чр╕╡р╣Ир╕бр╕╖р╕н р╣Бр╕кр╕Ър╣Ар╕ер╣Зр╕Бр╕Щр╣Йр╕нр╕в,neg
р╣Др╕бр╣Ир╕Юр╕╢р╕Зр╕Юр╕нр╣Гр╕Ир╣Ар╕ер╕в  р╕кр╕┤р╕Щр╕Др╣Йр╕▓р╕Ьр╕ер╕┤р╕Хр╕Ир╕▓р╕Бр╕Юр╕ер╕▓р╕кр╕Хр╕┤р╕Бр╕Фр╣Йр╕нр╕вр╕Др╕╕р╕Ур╕ар╕▓р╕Ю  р╕Бр╣Кр╕нр╕Зр╣Бр╕Бр╣Кр╕Зр╕бр╕▓р╕Б,neg
р╣Бр╕Юр╣Зр╕Др╕Вр╕нр╕Зр╣Др╕бр╣Ир╕Фр╕╡р╕бр╕▓р╕Бр╣Ар╕ер╕вр╕Др╕гр╕▒р╕Ър╕Вр╣Йр╕▓р╕Зр╣Гр╕Щр╕Бр╕ер╣Ир╕нр╕Зр╕Йр╕╡р╕Бр╕Вр╕▓р╕Фр╣Др╕бр╣Ир╕кр╕зр╕вр╣Ар╕ер╕в,neg
р╕Др╕╕р╕Ур╕ар╕▓р╕Юр╕кр╕┤р╕Щр╕Др╣Йр╕▓р╣Др╕бр╣Ир╕Щр╣Ир╕▓р╕Ыр╕гр╕░р╕Чр╕▒р╕Ър╣Гр╕И,neg
р╕зр╕▒р╕кр╕Фр╕╕р╣Бр╕вр╣И р╕Вр╕▓р╕Фр╕Зр╣Ир╕▓р╕в р╣Ар╕кр╕╡р╕вр╕Фр╕▓р╕вр╣Ар╕Зр╕┤р╕Щ,neg
р╕нр╕вр╣Ир╕▓р╕Вр╕▓р╕вр╣Ар╕ер╕в р╕вр╕Бр╣Ар╕ер╕┤р╕Бр╣Вр╕Ыр╕гр╕Щр╕╡р╣Йр╣Ар╕Цр╕нр╕░ р╣Ар╕кр╕╡р╕вр╕Др╕зр╕▓р╕бр╕гр╕╣р╣Йр╕кр╕╢р╕Б р╕Фр╕╣р╕бр╕▓р╕лр╕ер╕▓р╕вр╣Ар╕Фр╕╖р╕нр╕Щр╕ер╕░,neg
р╣Бр╕Ър╕Хр╣Бр╕вр╣Ир╕бр╕▓р╕Бр╕Др╣Ир╕░ р╕лр╕бр╕Фр╣Ар╕гр╣Зр╕зр╕бр╕▓р╕Б р╕гр╕▒р╕Ър╕Ыр╕гр╕░р╕Бр╕▒р╕Щр╣Др╕бр╣Ир╣Др╕Фр╣Йр╕Кр╕зр╕вр╕нр╕░р╣Др╕гр╣Ар╕ер╕в,neg
р╣Ар╕лр╣Зр╕Щр╣Бр╕ер╣Йр╕зр╕гр╕╣р╣Йр╕кр╕╢р╕Бр╣Бр╕вр╣И р╣Др╕бр╣Ир╕бр╕▒р╣Ир╕Щр╣Гр╕Ир╣Гр╕Щр╕кр╕┤р╕Щр╕Др╣Йр╕▓р╕гр╣Йр╕▓р╕Щр╕Щр╕╡р╣Й,neg
р╕Др╕╕р╕Ур╕ар╕▓р╕Юр╣Бр╕вр╣Ир╕бр╕▓р╕Бр╕Др╣Ир╕░ р╣Гр╕Кр╣Йр╕Др╕гр╕▒р╣Йр╕Зр╣Бр╕гр╕Бр╕бр╕╡р╕Бр╕ер╕┤р╣Ир╕Щр╣Др╕лр╕бр╣Йр╕нр╕нр╕Бр╕бр╕▓р╣Ар╕ер╕вр╣Бр╕Цр╕бр╕Вр╣Йр╕▓р╕зр╣Др╕бр╣Ир╕кр╕╕р╕Бр╕Фр╣Йр╕зр╕в,neg
р╣Ар╕кр╕╡р╕вр╣Ар╕зр╕ер╕▓р╕бр╕▓р╕Бр╣Ж р╕Бр╕зр╣Ир╕▓р╕Ир╕░р╕Чр╕│р╣Ар╕гр╕╖р╣Ир╕нр╕Зр╕Др╕╖р╕Щр╣Ар╕Зр╕┤р╕Щр╣Др╕Фр╣Й р╕Вр╕нр╕Зр╕Бр╣Зр╕Хр╣Йр╕нр╕Зр╣Гр╕Кр╣Й р╕Хр╣Йр╕нр╕Зр╣Др╕Ыр╕Лр╕╖р╣Йр╕нр╣Гр╕лр╕бр╣И р╣Ар╕кр╕╡р╕вр╣Ар╕Зр╕┤р╕Щр╕Лр╣Йр╕│р╕нр╕╡р╕Б р╕гр╕░р╕Ър╕Ър╕Бр╕▓р╕гр╕Чр╕│р╕Зр╕▓р╕Щр╣Бр╕вр╣Ир╕бр╕▓р╕Б р╕бр╕▒р╕Щр╣Ар╕лр╕бр╕╖р╕нр╕Щр╕Бр╕▒р╕Щр╕бр╕▓р╕Бр╣Ар╕ер╕вр╕лр╕гр╕╖р╕н р╕кр╣Ир╕Зр╕Ьр╕┤р╕Фр╕гр╕╕р╣Ир╕Щр╣Др╕Фр╣Й,neg
р╕лр╕ер╕нр╕Бр╕ер╕зр╕З р╕Хр╣Йр╕бр╕Хр╕╕р╣Лр╕Щ р╣Ар╕нр╕▓р╕Вр╕нр╕Зр╕Ыр╕ер╕нр╕бр╕бр╕▓р╕Вр╕▓р╕в р╕гр╣Йр╕▓р╕Щр╣Вр╕Ир╕г,neg
р╣Ар╕Бр╕гр╕Фр╕Хр╣Ир╕│р╣Ар╕лр╕бр╕╖р╕нр╕Щр╕Бр╕▒р╕Ър╕зр╣Ир╕▓р╣Ар╕нр╕▓р╕Вр╕нр╕Зр╕Цр╕╣р╕Бр╣Жр╕бр╕▓р╕Др╕ер╕░р╕Бр╕▒р╕Щ,neg
р╕кр╕▒р╣Ир╕Зр╕Лр╕╖р╣Йр╕нр╣Бр╕ер╣Йр╕зр╕нр╕вр╕╣р╣Ир╕Фр╕╡р╣Жр╕бр╕▓р╕вр╕Бр╣Ар╕ер╕┤р╕Б р╣Ар╕кр╕╡р╕вр╕Др╕зр╕▓р╕бр╕гр╕╣р╣Йр╕кр╕╢р╕Бр╣Ар╕ер╕вр╕Др╕гр╕▒р╕Ъ,neg
р╣Др╕бр╣Ир╣Ар╕Ыр╣Зр╕Щр╣Др╕Ыр╕Хр╕▓р╕бр╕Чр╕╡р╣Ир╣Вр╕Жр╕йр╕Ур╕▓ р╕кр╣Ир╕Зр╕кр╕┤р╕Щр╕Др╣Йр╕▓р╣Др╕бр╣Ир╕Хр╕гр╕Зр╕Хр╕▓р╕бр╕Бр╕│р╕лр╕Щр╕Ф р╣Ар╕бр╕╖р╣Ир╕нр╕кр╕┤р╕Щр╕Др╣Йр╕▓р╕бр╕╡р╕Ыр╕▒р╕Нр╕лр╕▓р╣Др╕бр╣Ир╕гр╕▒р╕Ър╕Ьр╕┤р╕Фр╕Кр╕нр╕Ър╣Гр╕Ф,neg
р╣Др╕бр╣Ир╕Лр╕╢р╕бр╕Лр╕▒р╕Ър╕ер╕╣р╕Бр╕нр╕▒р╕Ър╕Кр╕╖р╣Йр╕Щр╣Вр╕Жр╕йр╕Ур╕▓р╣Ар╕Бр╕┤р╕Щр╕Ир╕гр╕┤р╕Зр╣Ар╕кр╕╡р╕вр╣Ар╕Зр╕┤р╕Щр╕Яр╕гр╕╡р╣Др╕бр╣Ир╕Др╕╕р╣Йр╕бр╣Бр╕вр╣Ир╕бр╕▓р╕Б,neg
р╣Др╕бр╣Ир╕бр╕╡р╕Др╕╣р╣Ир╕бр╕╖р╕н р╣Бр╕вр╣Ир╕бр╕▓р╕Бр╕Др╕гр╕▒р╕Ъ р╕Бр╕ер╣Ир╕нр╕Зр╕Бр╣Зр╣Др╕бр╣Ир╕бр╕╡ р╣Гр╕кр╣Ир╕Цр╕╕р╕Зр╕бр╕▓р╣Гр╕лр╣Й р╕Чр╕╕р╣Ар╕гр╕ир╕бр╕▓р╕Бр╕Др╕гр╕▒р╕Ъ,neg
р╕кр╕┤р╕Щр╕Др╣Йр╕▓р╣Др╕бр╣Ир╕Хр╕гр╕Зр╕Ыр╕Б р╕Вр╕нр╕Зр╕Др╕╕р╕Ур╕ар╕▓р╕Юр╕гр╣Йр╕нр╕вр╕Бр╕зр╣Ир╕▓р╕Ър╕▓р╕Ч р╣Бр╕вр╣Ир╣Ж,neg
р╣Бр╕вр╣Ир╕бр╕▓р╕Бр╣Жр╕кр╕▒р╣Ир╕Зр╕Вр╕нр╕Зр╕Ир╣Ир╕▓р╕вр╣Ар╕Зр╕┤р╕Щ р╣Бр╕Хр╣Ир╣Др╕бр╣Ир╣Др╕Фр╣Йр╕Вр╕нр╕З!,neg
р╣Гр╕Кр╣Йр╣Др╕Фр╣Йр╣Бр╕Ыр╣Зр╕Ър╣Ар╕Фр╕╡р╕вр╕зр╕Юр╕▒р╕Зр╣Бр╕ер╣Йр╕з,neg
р╕кр╕┤р╕Щр╕Др╣Йр╕▓р╕Кр╕│р╕гр╕╕р╕Ф р╕кр╣Ир╕Зр╕бр╕▓р╕Цр╕╢р╕Зр╣Бр╕Бр╕░р╕Фр╕╣ р╕кр╕┤р╕Щр╕Др╣Йр╕▓р╣Бр╕Хр╕Б,neg
р╕Лр╕╖р╣Йр╕нр╕бр╕▓р╕вр╕▒р╕Зр╣Др╕бр╣Ир╕Чр╕▒р╕Щр╣Ар╕ер╣Ир╕Щр╣Ар╕ер╕вр╕Юр╕▒р╕Зр╕Лр╕░р╣Бр╕ер╣Йр╕з,neg
р╣Ар╕кр╕╡р╕вр╕Др╕зр╕▓р╕бр╕гр╕╣р╣Йр╕кр╕╢р╕Бр╕Др╣Ир╕░р╕бр╕▓р╣Др╕бр╣Ир╕Хр╕гр╕Зр╕Чр╕╡р╣Ир╕кр╕▒р╣Ир╕З,neg
р╕бр╕▒р╕Щр╕Ьр╕┤р╕Фр╕Юр╕ер╕▓р╕Фр╕нр╕░р╣Др╕гр╕лр╕гр╕╖р╕нр╕ер╕Зр╕гр╕╣р╕Ыр╣Ар╕Юр╕╖р╣Ир╕нр╕лр╕ер╕нр╕Бр╣Гр╕лр╣Йр╕Др╕Щр╕кр╕▒р╣Ир╕Зр╕Лр╕╖р╣Йр╕нр╕нр╕Шр╕┤р╕Ър╕▓р╕вр╕лр╕Щр╣Ир╕нр╕в,neg
р╕кр╕┤р╕Щр╕Др╣Йр╕▓р╕Др╕╕р╕Ур╕ар╕▓р╕Юр╣Др╕бр╣Ир╕Др╣Ир╕нр╕вр╕Фр╕╡,neg
р╕кр╕┤р╕Щр╕Др╣Йр╕▓р╕бр╕╡р╕Хр╕│р╕лр╕Щр╕┤ р╣Бр╕вр╣Ир╕бр╕▓р╕Бр╣Ж р╣Др╕бр╣Ир╣Др╕лр╕зр╣Жр╣Ар╕ер╕в р╕Цр╣Йр╕▓р╕бр╕╡р╕Хр╕│р╕лр╕Щр╕┤р╕Бр╣Зр╕Ър╕нр╕Бр╕Фр╣Йр╕зр╕вр╕Др╕гр╕▒р╕Ъ р╕Ир╕░р╣Др╕Фр╣Йр╕Чр╕│р╣Гр╕Ир╕Бр╣Ир╕нр╕Щр╕Лр╕╖р╣Йр╕н,neg
р╣Ар╕Ыр╕гр╕▓р╕░р╕Ър╕▓р╕Зр╕бр╕▓р╕Бр╕Др╕зр╕▓р╕бр╣Бр╕Вр╣Зр╕Зр╣Бр╕гр╕Зр╕Щр╣Йр╕нр╕в р╕бр╕▒р╕Щр╕Зр╣Ир╕▓р╕вр╕Хр╣Ир╕нр╕Бр╕▓р╕гр╣Бр╕Хр╕Бр╕лр╕▒р╕Б,neg
р╕Вр╕Щр╕кр╣Ир╕Зр╕Бр╣Зр╕Кр╣Йр╕▓р╕кр╕┤р╕Щр╕Др╣Йр╕▓р╕бр╕╡р╕Хр╕│р╕лр╕Щр╕┤р╣Бр╕Юр╣Зр╕Др╕кр╕┤р╕Щр╕Др╣Йр╕▓р╣Др╕бр╣Ир╕Фр╕╡р╕бр╕╡р╕гр╕нр╕вр╕Ър╕╕р╕Ъ,neg
р╕кр╕┤р╕Щр╕Др╣Йр╕▓р╣Ар╕лр╕бр╕╖р╕нр╕Щр╕Вр╕нр╕Зр╕Ыр╕ер╕нр╕б р╣Ар╕Щр╕╖р╣Ир╕нр╕Др╕гр╕╡р╕бр╣Ар╕лр╕бр╕╖р╕нр╕Щр╕Лр╕нр╕З 10 р╕Ър╕▓р╕Ч р╕Ър╕гр╕гр╕Ир╕╕р╕ар╕▒р╕Ур╕Ср╣Мр╣Ар╕лр╕бр╕╖р╕нр╕Щр╕Бр╣Кр╕нр╕Ыр╕бр╕▓ р╣Др╕бр╣Ир╣Ар╕лр╕бр╕╖р╕нр╕Щр╕Вр╕нр╕Зр╕Ир╕гр╕┤р╕Зр╣Гр╕Щр╕лр╣Йр╕▓р╕Зр╣Ар╕ер╕в р╣Ар╕кр╕╡р╕вр╕Фр╕▓р╕вр╕Хр╕▒р╕Зр╕Др╣М р╕Лр╕╖р╣Йр╕нр╕бр╕▓р╕Чр╕┤р╣Йр╕З,neg
р╕гр╕▓р╕вр╕Бр╕▓р╕гр╣Др╕бр╣Ир╕Фр╕╡ р╕Чр╕╡р╣Ир╕Ир╕▒р╕Ър╣Др╕бр╣Ир╕Фр╕╡р╣Бр╕ер╕░р╕кр╕▒р╣Йр╕Щ,neg
р╣Гр╕Кр╣Йр╣Бр╕ер╣Йр╕зр╣Бр╕Юр╣Йр╕Др╕░ р╕бр╕╡р╕Ьр╕╖р╣Ир╕Щ,neg
р╕Др╕гр╕▒р╣Йр╕Зр╕Щр╕╡р╣Йр╕Лр╕╖р╣Йр╕н 9 р╕Кр╕┤р╣Йр╕Щ р╕Ир╕░р╕Лр╕╖р╣Йр╕нр╣Ар╕вр╕нр╕░р╣Бр╕Др╣Ир╣Др╕лр╕Щ р╕Бр╣Зр╣Др╕бр╣Ир╣Ар╕Др╕вр╕бр╕╡р╕Вр╕нр╕Зр╣Бр╕Цр╕бр╕кр╕▒р╕Бр╕Кр╕┤р╣Йр╕Щ р╕нр╣Ир╕▓р╕Щр╕гр╕╡р╕зр╕┤р╕зр╕ер╕╣р╕Бр╕Др╣Йр╕▓р╕Чр╣Ир╕▓р╕Щр╕нр╕╖р╣Ир╕Щр╕Чр╕╡р╣Ир╣Др╕Фр╣Йр╕Вр╕нр╕Зр╣Бр╕Цр╕б р╕Бр╣Зр╕Хр╣Йр╕нр╕Зр╕бр╕▓р╕Др╕┤р╕Фр╕зр╣Ир╕▓р╕Чр╕│р╣Др╕бр╕Чр╕▓р╕Зр╕гр╣Йр╕▓р╕Щр╕Хр╣Йр╕нр╕Зр╣Ар╕ер╕╖р╕нр╕Бр╕Ыр╕Пр╕┤р╕Ър╕▒р╕Хр╕┤р╕Бр╕▒р╕Ър╣Ар╕гр╕▓р╕Вр╕Щр╕▓р╕Фр╕Щр╕╡р╣Й р╣Ар╕лр╕бр╕╖р╕нр╕Щр╣Ар╕гр╕▓р╣Др╕бр╣Ир╣Гр╕Кр╣Ир╕ер╕╣р╕Бр╕Др╣Йр╕▓ р╕Бр╕▓р╕гр╕Бр╕Фр╕Фр╕▓р╕зр╣Гр╕лр╣Йр╕Др╕░р╣Бр╕Щр╕Щ р╕Др╕╖р╕н р╕Хр╣Йр╕нр╕Зр╣Гр╕лр╣Йр╕Др╕░р╣Бр╕Щр╕Щр╕Чр╕▓р╕Зр╕гр╣Йр╕▓р╕Щ 5 р╕Фр╕▓р╕з р╕Цр╣Йр╕▓р╣Др╕бр╣Ир╣Гр╕Кр╣И 5 р╕Фр╕▓р╕з р╕Бр╣Зр╕Бр╕Фр╕кр╣Ир╕Зр╕гр╕╡р╕зр╕┤р╕зр╕Щр╕╡р╣Йр╣Др╕бр╣Ир╣Др╕Фр╣Й,neg
р╕Вр╕Щр╕кр╣Ир╕Зр╕Щр╣Ир╕▓р╣Ар╕Бр╕ер╕╡р╕вр╕Фр╕бр╕▓р╕Бр╕Ыр╕гр╕▒р╕Ър╕Ыр╕гр╕╕р╕Зр╕Фр╣Йр╕зр╕в р╕Бр╣Ир╕нр╕Щр╕кр╣Ир╕Зр╣Др╕бр╣Ир╣Вр╕Чр╕г р╕зр╕▓р╕Зр╕Вр╕нр╕Зр╣Др╕зр╣Йр╕Щр╕нр╕Бр╕Ър╣Йр╕▓р╕Щ р╕лр╕▓р╕вр╕гр╕▒р╕Ър╕Ьр╕┤р╕Фр╕Кр╕нр╕Ър╣Др╕лр╕б,neg
р╣Бр╕Юр╣Зр╕Др╕Вр╕нр╕Зр╣Др╕бр╣Ир╕Фр╕╡р╣Ар╕ер╕вр╕Ир╣Йр╕▓ р╕Вр╕зр╕Фр╣Ар╕Ыр╕╖р╣Йр╕нр╕Щр╕Фр╣Йр╕зр╕вр╕Хр╣Йр╕нр╕Зр╣Ар╕нр╕▓р╕бр╕▓р╕ер╣Йр╕▓р╕Зр╕Щр╣Йр╕│р╕нр╕╡р╕Бр╕лр╕ер╕▓р╕вр╕Др╕гр╕▒р╣Йр╕Зр╣Ар╕ер╕в р╣Ар╕лр╕бр╕╖р╕нр╕Щр╕Эр╕╕р╣Ир╕Щр╣Ар╕вр╕нр╕░р╕бр╕▓р╕Б,neg
р╕Бр╕▓р╕гр╕Ир╕▒р╕Фр╕кр╣Ир╕Зр╕кр╕╕р╕Фр╣Бр╕кр╕Щр╕Ир╕░р╕Кр╣Йр╕▓ р╕лр╣Ир╕зр╕вр╣Бр╕Хр╕Бр╕Чр╕╡р╣Ир╕кр╕╕р╕Фр╣Гр╕Щ 3 р╣Вр╕ер╕Б р╕гр╕нр╕Вр╕нр╕Зр╕Щр╕▓р╕Щ 10 р╕зр╕▒р╕Щр╣Ар╕Хр╣Зр╕бр╕лр╕ер╕▒р╕Зр╕Бр╕Фр╕кр╕▒р╣Ир╕З р╕Др╕╖р╕нр╣Вр╕Ыр╕г 9 р╣Ар╕Фр╕╖р╕нр╕Щ 9 р╕Ър╕гр╕┤р╕йр╕▒р╕Чр╕бр╕╡р╣Бр╕Хр╣Ир╕Др╕зр╕▓р╕бр╕кр╕▓р╕бр╕▓р╕гр╕Цр╣Гр╕Щр╕Бр╕▓р╕гр╕Ир╕▒р╕Фр╣Вр╕Ыр╕г р╕Др╕╖р╕н р╣Ар╕Бр╣Ир╕Зр╕бр╕▓р╕Бр╕Ир╣Йр╕░ р╣Бр╕Хр╣И р╕лр╣Ир╕зр╕вр╕кр╕╕р╕Фр╕Ир╕░р╕Ър╕гр╕гр╕вр╕▓р╕в р╣Бр╕Ър╕Ър╕Щр╕╡р╣Йр╕нр╕вр╣Ир╕▓р╕Вр╕▓р╕вр╣Ар╕нр╕Зр╣Ар╕ер╕в р╕Ир╕Зр╣Гр╕лр╣Й р╕нр╕╖р╣Ир╕Щр╕Чр╕╡р╣Ир╣Ар╕Ыр╣Зр╕Щр╕бр╕╖р╕нр╕нр╕▓р╕Кр╕╡р╕Юр╕Кр╣Ир╕зр╕вр╕Вр╕▓р╕вр╣Гр╕лр╣Йр╣Бр╕Ър╕Ър╣Ар╕Фр╕┤р╕бр╕нр╕░р╕Фр╕╡р╣Бр╕ер╣Йр╕зр╣Ар╕Щр╕▓р╕░ р╣Ар╕Вр╣Ир╕Щ р╣Др╕Ыр╕нр╕░р╣Др╕гр╣Др╕Ыр╣Ар╕Щр╕▓р╕░ р╕Щр╕╡р╣Ир╕Цр╣Йр╕▓р╣Др╕бр╣Ир╕Хр╕▓р╕бр╕Ир╕┤р╕Бр╕Хр╕▓р╕бр╕Ир╕╡р╣Йр╕Бр╣Зр╕Др╕Зр╣Др╕бр╣Ир╣Др╕Фр╣Йр╕Вр╕нр╕Зр╕Щр╕░ р╕Цр╕▓р╕бр╣Др╕Ы р╕зр╕▒р╕Щр╕Чр╕╡р╣И 17 р╕Бр╕в р╕Бр╣Зр╣Ар╕ер╕вр╣Др╕Фр╣Йр╕Вр╕нр╕З 19 р╕Бр╕в р╕кр╕╕р╕Ф р╣Др╕Ыр╣Ар╕ер╕вр╕Ир╣Йр╕▓ р╣Ар╕нр╕▓р╣Др╕Ы 10 р╕Бр╕░р╣Вр╕лр╕ер╕Б р╕лр╕▓р╣Ар╕Ыр╕ер╕╡р╣Ир╕вр╕Щ р╕бр╕▒р╣Йр╕вр╕в,neg
р╣Ар╕Юр╕┤р╣Ир╕Зр╣Ар╕Др╕вр╕Лр╕╖р╣Йр╕н р╕Ьр╣Ир╕▓р╕Щр╕гр╣Йр╕▓р╕Щр╕нр╕нр╕Щр╣Др╕ер╕Щр╣Мр╕Др╕гр╕▒р╣Йр╕Зр╣Бр╕гр╕Бр╕Ър╕нр╕Бр╣Ар╕ер╕вр╕зр╣Ир╕▓р╣Др╕бр╣Ир╕Ыр╕гр╕░р╕Чр╕▒р╕Ър╣Гр╕И р╕Зр╕Зр╕Бр╕▒р╕Ър╕Хр╕гр╕гр╕Бр╕░р╕Бр╕▓р╕гр╣Гр╕лр╣Йр╕Вр╕нр╕Зр╣Бр╕Цр╕бр╕бр╕▓р╕Б р╕Др╕╖р╕нр╣Ар╕гр╕▓р╕кр╕▒р╣Ир╕Зр╣Др╕Ыр╕Чр╕▒р╣Йр╕Зр╕лр╕бр╕Ф 3 р╣Бр╕Хр╣И р╕Чр╕╡р╣Ир╕бр╕╣р╕ер╕Др╣Ир╕▓р╕Щр╣Йр╕нр╕вр╕Чр╕╡р╣Ир╕кр╕╕р╕Фр╕Бр╕ер╕▒р╕Ър╣Др╕Фр╣Йр╕Вр╕нр╕Зр╣Бр╕Цр╕бр╣Ар╕вр╕нр╕░р╕кр╕╕р╕Ф р╕Др╕╖р╕н р╕нр╕╖р╣Ир╕Щр╣Жр╣Др╕Фр╣Йр╣Бр╕Др╣Ир╣Бр╕Ьр╣Ир╕Щр╕нр╕Щр╕▓р╕бр╕▒р╕в 1 р╕Лр╕нр╕З р╣Бр╕Хр╣Ир╕нр╕нр╣Ар╕Фр╕нр╕гр╣Мр╕Чр╕╡р╣Ир╕бр╕╣р╕ер╕Др╣Ир╕▓р╕Щр╣Йр╕нр╕вр╕Чр╕╡р╣Ир╕кр╕╕р╕Фр╕Бр╕ер╕▒р╕Ър╣Др╕Фр╣Йр╣Бр╕Ьр╣Ир╕Щр╕нр╕Щр╕▓р╕бр╕▒р╕вр╕Ър╕зр╕Бр╕Бр╕▒р╕Ър╣Ар╕нр╕Щр╕Кр╕▒р╕зр╕гр╣Мр╕нр╕╡р╕Б 1 р╕Лр╕нр╕З р╕нр╕╡р╕Бр╕Чр╕▒р╣Йр╕Зр╕гр╣Йр╕▓р╕Щр╕Др╣Йр╕▓р╣Вр╕Ыр╕гр╣Вр╕бр╕Кр╕▒р╣Ир╕Щр╣Др╕бр╣Ир╕Кр╕▒р╕Фр╣Ар╕Ир╕Щр╣Др╕бр╣Ир╕кр╕▓р╕бр╕▓р╕гр╕Цр╕нр╣Ир╕▓р╕Щр╣Др╕Фр╣Йр╕зр╣Ир╕▓р╕Хр╣Йр╕нр╕Зр╕Лр╕╖р╣Йр╕нр╕Цр╕╢р╕Зр╕бр╕╣р╕ер╕Др╣Ир╕▓р╣Ар╕Чр╣Ир╕▓р╣Др╕лр╕гр╣Ир╕Цр╕╢р╕Зр╕Ир╕░р╣Др╕Фр╣Йр╕Вр╕нр╕Зр╣Бр╕Цр╕бр╕Юр╕Щр╕▒р╕Бр╕Зр╕▓р╕Щр╕Бр╣Зр╕Хр╕нр╕Ър╕Др╕│р╕Цр╕▓р╕бр╕Др╣Ир╕нр╕Щр╕Вр╣Йр╕▓р╕Зр╕Кр╣Йр╕▓р╕бр╕▓р╕Б р╕Бр╣Зр╣Ар╕Вр╣Йр╕▓р╣Гр╕Ир╕нр╣Ир╕░р╕Щр╕░р╕зр╣Ир╕▓р╕нр╕нр╣Ар╕Фр╕нр╕гр╣Мр╣Ар╕вр╕нр╕░р╕бр╕╡р╕ер╕╣р╕Бр╕Др╣Йр╕▓р╕кр╕нр╕Ър╕Цр╕▓р╕бр╣Ар╕Вр╣Йр╕▓р╕бр╕▓р╣Ар╕вр╕нр╕░р╕Бр╣Зр╣Др╕Ыр╕Др╕┤р╕Фр╕зр╕┤р╕Шр╕╡р╣Бр╕Бр╣Йр╕Ыр╕▒р╕Нр╕лр╕▓р╕Бр╕▒р╕Щр╣Ар╕нр╕▓р╣Ар╕нр╕Зр╣Бр╕ер╣Йр╕зр╕Бр╕▒р╕Щр╕Щр╕░р╕кр╕│р╕лр╕гр╕▒р╕Ър╣Ар╕гр╕▓р╕Др╕З р╕Ър╕▓р╕в,neg
р╣Гр╕кр╣Ир╕Бр╕▒р╕Щр╕Бр╕гр╕░р╣Бр╕Чр╕Бр╕бр╕▓ р╣Бр╕Хр╣Ир╕Бр╕ер╣Ир╕нр╕Зр╕Бр╣Зр╕вр╕▒р╕Зр╕Ър╕╕р╕Ъ,neg
р╕Ир╕▒р╕Фр╕кр╣Ир╕Зр╣Др╕з р╕кр╕┤р╕Щр╕Др╣Йр╕▓р╣Др╕бр╣Ир╕бр╕╡р╕Ыр╕▒р╕Нр╕лр╕▓ р╣Бр╕Хр╣Ир╕Кр╣Ир╕зр╕Зр╕Чр╕╡р╣Ир╕Лр╕╖р╣Йр╕нр╣Вр╕ер╕Хр╕▒р╕кр╕ер╕Фр╕гр╕▓р╕Др╕▓р╕Цр╕╣р╕Бр╕Бр╕зр╣Ир╕▓р╣Ар╕вр╕нр╕░р╕Др╣Ир╕░ р╣Ар╕кр╕╡р╕вр╕Фр╕▓р╕вр╕Чр╕╡р╣Ир╣Др╕бр╣Ир╣Др╕Фр╣Йр╣Ар╕Кр╣Зр╕Др╕гр╕▓р╕Др╕▓р╕Чр╕╡р╣Ир╕нр╕╖р╣Ир╕Щр╕Бр╣Ир╕нр╕Щр╕Лр╕╖р╣Йр╕н,neg
р╕кр╣Ир╕Зр╕бр╕▓р╕Ьр╕┤р╕Ф,neg
р╣Бр╕кр╕Ър╕Хр╕▓,neg
р╣Гр╕Кр╣Йр╕Др╕│р╕зр╣Ир╕▓р╕кр╕ар╕▓р╕Юр╣Бр╕вр╣Ир╕нр╕░р╕кр╕▓р╕з55555,neg
р╕кр╣Ир╕Зр╕Кр╣Йр╕▓р╕Бр╕зр╣Ир╕▓р╕Ир╕░р╣Др╕Фр╣Йр╕гр╕▒р╕Ър╕Др╕┤р╕Фр╕зр╣Ир╕▓р╕Ир╕░р╣Др╕бр╣Ир╣Др╕Фр╣Йр╕Лр╕░р╣Бр╕ер╣Йр╕з,neg
р╣Ар╕Юр╕┤р╣Ир╕Зр╣Ар╕Др╕вр╕Лр╕╖р╣Йр╕н р╕Ьр╣Ир╕▓р╕Щр╕гр╣Йр╕▓р╕Щр╕нр╕нр╕Щр╣Др╕ер╕Щр╣Мр╕Др╕гр╕▒р╣Йр╕Зр╣Бр╕гр╕Бр╕Ър╕нр╕Бр╣Ар╕ер╕вр╕зр╣Ир╕▓р╣Др╕бр╣Ир╕Ыр╕гр╕░р╕Чр╕▒р╕Ър╣Гр╕И р╕Зр╕Зр╕Бр╕▒р╕Ър╕Хр╕гр╕гр╕Бр╕░р╕Бр╕▓р╕гр╣Гр╕лр╣Йр╕Вр╕нр╕Зр╣Бр╕Цр╕бр╕бр╕▓р╕Б р╕Др╕╖р╕нр╣Ар╕гр╕▓р╕кр╕▒р╣Ир╕Зр╣Др╕Ыр╕Чр╕▒р╣Йр╕Зр╕лр╕бр╕Ф 3 р╣Бр╕Хр╣И р╕Чр╕╡р╣Ир╕бр╕╣р╕ер╕Др╣Ир╕▓р╕Щр╣Йр╕нр╕вр╕Чр╕╡р╣Ир╕кр╕╕р╕Фр╕Бр╕ер╕▒р╕Ър╣Др╕Фр╣Йр╕Вр╕нр╕Зр╣Бр╕Цр╕бр╣Ар╕вр╕нр╕░р╕кр╕╕р╕Ф р╕Др╕╖р╕н р╕нр╕╖р╣Ир╕Щр╣Жр╣Др╕Фр╣Йр╣Бр╕Др╣Ир╣Бр╕Ьр╣Ир╕Щр╕нр╕Щр╕▓р╕бр╕▒р╕в 1 р╕Лр╕нр╕З р╣Бр╕Хр╣Ир╕нр╕нр╣Ар╕Фр╕нр╕гр╣Мр╕Чр╕╡р╣Ир╕бр╕╣р╕ер╕Др╣Ир╕▓р╕Щр╣Йр╕нр╕вр╕Чр╕╡р╣Ир╕кр╕╕р╕Фр╕Бр╕ер╕▒р╕Ър╣Др╕Фр╣Йр╣Бр╕Ьр╣Ир╕Щр╕нр╕Щр╕▓р╕бр╕▒р╕вр╕Ър╕зр╕Бр╕Бр╕▒р╕Ър╣Ар╕нр╕Щр╕Кр╕▒р╕зр╕гр╣Мр╕нр╕╡р╕Б 1 р╕Лр╕нр╕З р╕нр╕╡р╕Бр╕Чр╕▒р╣Йр╕Зр╕гр╣Йр╕▓р╕Щр╕Др╣Йр╕▓р╣Вр╕Ыр╕гр╣Вр╕бр╕Кр╕▒р╣Ир╕Щр╣Др╕бр╣Ир╕Кр╕▒р╕Фр╣Ар╕Ир╕Щр╣Др╕бр╣Ир╕кр╕▓р╕бр╕▓р╕гр╕Цр╕нр╣Ир╕▓р╕Щр╣Др╕Фр╣Йр╕зр╣Ир╕▓р╕Хр╣Йр╕нр╕Зр╕Лр╕╖р╣Йр╕нр╕Цр╕╢р╕Зр╕бр╕╣р╕ер╕Др╣Ир╕▓р╣Ар╕Чр╣Ир╕▓р╣Др╕лр╕гр╣Ир╕Цр╕╢р╕Зр╕Ир╕░р╣Др╕Фр╣Йр╕Вр╕нр╕Зр╣Бр╕Цр╕бр╕Юр╕Щр╕▒р╕Бр╕Зр╕▓р╕Щр╕Бр╣Зр╕Хр╕нр╕Ър╕Др╕│р╕Цр╕▓р╕бр╕Др╣Ир╕нр╕Щр╕Вр╣Йр╕▓р╕Зр╕Кр╣Йр╕▓р╕бр╕▓р╕Б р╕Бр╣Зр╣Ар╕Вр╣Йр╕▓р╣Гр╕Ир╕нр╣Ир╕░р╕Щр╕░р╕зр╣Ир╕▓р╕нр╕нр╣Ар╕Фр╕нр╕гр╣Мр╣Ар╕вр╕нр╕░р╕бр╕╡р╕ер╕╣р╕Бр╕Др╣Йр╕▓р╕кр╕нр╕Ър╕Цр╕▓р╕бр╣Ар╕Вр╣Йр╕▓р╕бр╕▓р╣Ар╕вр╕нр╕░р╕Бр╣Зр╣Др╕Ыр╕Др╕┤р╕Фр╕зр╕┤р╕Шр╕╡р╣Бр╕Бр╣Йр╕Ыр╕▒р╕Нр╕лр╕▓р╕Бр╕▒р╕Щр╣Ар╕нр╕▓р╣Ар╕нр╕Зр╣Бр╕ер╣Йр╕зр╕Бр╕▒р╕Щр╕Щр╕░р╕кр╕│р╕лр╕гр╕▒р╕Ър╣Ар╕гр╕▓р╕Др╕З р╕Ър╕▓р╕в,neg
р╕ер╣Ир╕▓р╕Кр╣Йр╕▓р╣Гр╕Щр╕Бр╕▓р╕гр╕Ир╕▒р╕Фр╕кр╣Ир╕Зр╕нр╕вр╣Ир╕▓р╕Зр╕бр╕▓р╕Б р╕Др╕┤р╕Фр╕Хр╕▓р╕бр╕лр╕ер╕▓р╕вр╕Др╕гр╕▒р╣Йр╕З,neg
р╣Бр╕нр╕ер╕Бр╕нр╕ор╕нр╕ер╣Мр╣Бр╕гр╕Зр╕бр╕▓р╕Б,neg
р╕Вр╕нр╕Зр╕Ьр╕ер╕┤р╕Хр╕Хр╣Йр╕Щр╕Ыр╕╡ 2019 р╕Щр╕▓р╕Щр╣Др╕Ыр╕лр╕Щр╣Ир╕нр╕в,neg
р╕кр╣Ир╕Зр╣Ар╕гр╣Зр╕з р╕кр╕┤р╕Щр╕Др╣Йр╕▓р╕Др╕гр╕Ър╕Цр╣Йр╕зр╕Щ р╣Бр╕Хр╣Ир╕Бр╕ер╣Ир╕нр╕Зр╕вр╕▒р╕Ър╣Ар╕вр╕┤р╕Щр╣Др╕Ыр╕лр╕Щр╣Ир╕нр╕вр╕Др╣Ир╕░,neg
р╣Др╕бр╣Ир╕нр╕▒р╕Юр╣Ар╕Фр╕Чр╕Бр╕▓р╕гр╕Ир╕▒р╕Фр╕кр╣Ир╕З р╕Др╣Йр╕▓р╕Зр╕нр╕вр╕╣р╣Ир╕Чр╕╡р╣Ир╣Ар╕Хр╕гр╕╡р╕вр╕бр╕Ир╕▒р╕Фр╕кр╣Ир╕Зр╣Ар╕Ыр╣Зр╕Щр╣Ар╕Фр╕╖р╕нр╕Щ,neg
р╣Бр╕Юр╣Зр╕Др╕Вр╕нр╕Зр╣Бр╕вр╣Ир╕бр╕▓р╕Б р╕кр╕ар╕▓р╕Юр╕Бр╕ер╣Ир╕нр╕Зр╣Др╕бр╣Ир╣Др╕Фр╣Йр╣Ар╕ер╕в р╕Фр╕▒р╕Щ р╣Бр╕Др╣Ир╕Фр╣Йр╕▓р╕Щр╕Ър╕Щ р╣Бр╕Чр╕Щр╕Чр╕╡р╣Ир╕Ир╕░р╕гр╕нр╕Зр╕Чр╕▒р╣Йр╕Зр╕Ър╕Щр╣Бр╕ер╕░р╕ер╣Ир╕▓р╕З р╕вр╕▒р╕Зр╕Фр╕╡р╕Чр╕╡р╣Ир╕Вр╕нр╕Зр╣Гр╕Щр╕Бр╕ер╣Ир╕нр╕Зр╣Др╕бр╣Ир╣Ар╕кр╕╡р╕вр╕лр╕▓р╕в р╕Ыр╕гр╕▒р╕Ър╕Ыр╕гр╕╕р╕Зр╕Фр╣Ир╕зр╕Щ,neg
р╕гр╕нр╕Щр╕▓р╕Щ,neg
р╣Др╕бр╣Ир╣Ар╕лр╣Зр╕Щр╕бр╕╡ р╕нр╕в р╕зр╕▒р╕Щр╕Чр╕╡р╣Ир╕Щр╕╡р╣Ир╕Др╕╖р╕нр╕зр╕▒р╕Щр╕Ьр╕ер╕┤р╕Х р╕лр╕гр╕╖р╕нр╕зр╕▒р╕Щр╕лр╕бр╕Фр╕нр╕▓р╕вр╕╕р╕Др╕░,neg
р╕кр╕▒р╣Ир╕Зр╕бр╕▓р╣Бр╕ер╣Йр╕зр╣Бр╕Хр╣Ир╣Др╕Фр╣Йр╕гр╕▒р╕Ър╣Ар╕Ыр╣Зр╕Щр╕Ьр╣Йр╕▓р╕нр╕Щр╕▓р╕бр╕▒р╕вр╕бр╕▓р╣Бр╕Чр╕Щ р╣Бр╕Ир╣Йр╕Зр╕Чр╕▓р╕Зр╣Бр╕нр╕Фр╕бр╕┤р╕Щр╣Др╕Ы р╕Ър╕нр╕Бр╕зр╣Ир╕▓р╕Хр╣Йр╕нр╕Зр╣Гр╕Кр╣Йр╣Ар╕зр╕ер╕▓ 23 р╕зр╕▒р╕Щр╕Ир╕░р╕бр╕╡р╣Ар╕Ир╣Йр╕▓р╕лр╕Щр╣Йр╕▓р╕Чр╕╡р╣Ир╣Вр╕Чр╕гр╕бр╕▓р╕лр╕▓ р╕Бр╣Зр╣Ар╕ер╕вр╣Др╕бр╣Ир╣Бр╕Щр╣Ир╣Гр╕Ир╕зр╣Ир╕▓р╣Др╕Фр╣Йр╕Вр╕нр╕Зр╕Чр╕╡р╣Ир╕кр╕▒р╣Ир╕З р╣Ар╕бр╕╖р╣Ир╕нр╣Др╕лр╕гр╣И р╣Ар╕Юр╕┤р╣Ир╕Зр╣Ар╕Др╕вр╕кр╕▒р╣Ир╕Зр╕Др╕гр╕▒р╣Йр╕Зр╣Бр╕гр╕Бр╕Бр╣Зр╣Ар╕Ир╕нр╕кр╣Ир╕Зр╕Ьр╕┤р╕Фр╣Ар╕ер╕в р╕вр╕┤р╣Ир╕Зр╕Бр╕зр╣Ир╕▓ р╕нр╕╡р╕Б р╣Др╕Фр╣Йр╕гр╕▒р╕Ър╕кр╕┤р╕Щр╕Др╣Йр╕▓р╣Ар╕гр╕╡р╕вр╕Ър╕гр╣Йр╕нр╕вр╣Бр╕ер╣Йр╕зр╕Др╣Ир╕░ р╕Чр╕▓р╕Зр╣Ар╕Ир╣Йр╕▓р╕лр╕Щр╣Йр╕▓р╕Чр╕╡р╣Ир╣Вр╕Чр╕гр╕бр╕▓р╕Хр╕┤р╕Фр╕Хр╣Ир╕н р╕кр╣Ир╕Зр╕кр╕┤р╕Щр╕Др╣Йр╕▓р╕Хр╕▓р╕бр╕бр╕▓р╣Гр╕лр╣Й р╕кр╣Ир╕зр╕Щр╕Чр╕╡р╣Ир╕кр╣Ир╕Зр╕Ьр╕┤р╕Фр╣Ар╕Ыр╣Зр╕Щр╕кр╕┤р╕Щр╕Др╣Йр╕▓р╕кр╕бр╕Щр╕▓р╕Др╕╕р╕Ур╣Др╕Ы,neg
р╕кр╣Ир╕Зр╕Кр╣Йр╕▓р╕бр╕▓р╕Б р╣Ар╕Чр╕╡р╕вр╕Ър╕Бр╕▒р╕Ър╕Вр╕нр╕Зр╕Ър╕гр╕┤р╕йр╕▒р╕Чр╕нр╕╖р╣Ир╕Щр╣Бр╕ер╣Йр╕зр╕Цр╕╖р╕нр╕зр╣Ир╕▓р╕Кр╣Йр╕▓р╕бр╕▓р╕Б р╕Др╣Ир╕░,neg
р╕Чр╕╡р╣Ир╕Ыр╕▓р╕Бр╕Вр╕зр╕Фр╕бр╕╡р╕Хр╕│р╕лр╕Щр╕┤р╣Бр╕Хр╣Ир╕Бр╕ер╕┤р╣Ир╕Щр╣Др╕бр╣Ир╣Ар╕лр╕бр╕╖р╕нр╕Щр╕Чр╕╡р╣Ир╕Лр╕╖р╣Йр╕нр╕бр╕▓р╕Ир╕▓р╕Бр╣Вр╕ер╕Хр╕▒р╕кр╣Ар╕ер╕в р╕Бр╕▓р╕гр╕кр╣Ир╕Зр╕нр╕вр╕╣р╣Ир╣Гр╕Щр╕гр╕░р╕вр╕░р╣Ар╕зр╕ер╕▓р╕лр╕▒р╕Б1р╕Фр╕▓р╕зр╕Чр╕╡р╣Ир╕Ыр╕▓р╕Бр╕Вр╕зр╕Ф,neg
р╕кр╣Ир╕Зр╕Вр╕нр╕Зр╕Кр╣Йр╕▓р╕бр╕▓р╕Б р╕Хр╣Йр╕нр╕Зр╕Чр╕▒р╕Бр╣Др╕Ыр╕Цр╕▓р╕бр╕Цр╕╢р╕Зр╕Ир╕░р╕Ир╕▒р╕Фр╕кр╣Ир╕З,neg
р╕Др╕╕р╕Ур╕ар╕▓р╕Юр╕кр╕┤р╕Щр╕Др╣Йр╕▓р╕Фр╕╡р╕нр╕вр╕╣р╣Ир╣Бр╕ер╣Йр╕з р╣Бр╕Хр╣Ир╕гр╣Йр╕▓р╕Щр╕Др╣Йр╕▓р╕кр╣Ир╕Зр╕Вр╕нр╕Зр╕Кр╣Йр╕▓р╕бр╕▓р╕Б р╕Бр╕зр╣Ир╕▓р╕Ир╕░р╣Др╕Фр╣Йр╕Др╕╖р╕нр╕гр╕нр╣Ар╕Ыр╣Зр╕Щр╕нр╕▓р╕Чр╕┤р╕Хр╕вр╣Мр╣Ар╕ер╕в,neg
р╕кр╕┤р╕Щр╕Др╣Йр╕▓р╣Вр╕нр╣Ар╕Д р╣Бр╕Юр╣Зр╕Др╕Вр╕нр╕Зр╕бр╕▓р╕Фр╕╡ р╣Бр╕Хр╣Ир╕гр╕нр╕кр╣Ир╕Зр╕Щр╕▓р╕Щр╕бр╕▓р╕Б р╕кр╕▒р╣Ир╕З7р╣Др╕Фр╣Йр╕Вр╕нр╕З11 р╕кр╣Ир╕Зр╣Ар╕гр╣Зр╕зр╕Бр╕зр╣Ир╕▓р╕Щр╕╡р╣Йр╕Ир╕░р╕Фр╕╡р╕бр╕▓р╕Б р╣Ар╕ер╕в р╕Ър╕▓р╕Зр╕нр╕▒р╕Щр╕Ьр╕ер╕┤р╕Хр╕Ыр╕╡20р╣Ар╕Фр╕╖р╕нр╕Щ10 р╕вр╕▒р╕Зр╕Юр╕нр╣Вр╕нр╣Ар╕Др╕нр╕вр╕╣р╣И р╕Ър╕▓р╕Зр╕нр╕▒р╕Щр╕Ьр╕ер╕┤р╕Хр╕Ыр╕╡21,neg
р╕кр╣Ир╕Зр╕Кр╣Йр╕▓р╕Щр╕┤р╕Фр╕лр╕Щр╣Ир╕нр╕вр╣Бр╕Хр╣Ир╕Хр╕▓р╕бр╕Бр╕│р╕лр╕Щр╕Фр╕Др╣Ир╕░,neg
р╕Др╕ер╕▒р╕Зр╕кр╕┤р╕Щр╕Др╣Йр╕▓р╕Др╕▓р╣Вр╕н р╕Чр╕│р╕Зр╕▓р╕Щр╣Бр╕вр╣Ир╕бр╕▓р╕Бр╕кр╣Ир╕Зр╕Вр╕нр╕Зр╕Кр╣Йр╕▓р╕бр╕▓р╕Бр╕Цр╕╢р╕Зр╕бр╕▓р╕Бр╕Чр╕╡р╣Ир╕кр╕╕р╕Фр╕Кр╣Йр╕▓р╕бр╕▓р╕Б,neg
р╣Бр╕Юр╣Зр╕Др╕нр╕вр╣Ир╕▓р╕Зр╕Фр╕╡,pos
р╕Фр╕╡р╕Др╣Ир╕░,pos
р╕Фр╕╡,pos
р╕кр╣Ир╕Зр╣Ар╕гр╣Зр╕зр╕бр╕▓р╕Б,pos
р╕кр╣Ир╕Зр╣Др╕зр╕бр╕▓р╕Б,pos
р╣Бр╕вр╣И,neg
р╕кр╣Ир╕Зр╕Кр╣Йр╕▓р╕бр╕▓р╕Б,neg
р╣Бр╕вр╣И,neg
р╣Бр╕Юр╕Др╕Фр╕╡,pos
р╕Юр╕▒р╕Зр╕вр╕▒р╕Ър╣Ар╕вр╕┤р╕Щ,neg
р╣Др╕бр╣Ир╕Фр╕╡,neg
р╕лр╣Ир╕зр╕в,neg
р╣Бр╕Юр╕Зр╣Ар╕Бр╕┤р╕Щр╣Др╕Ы,neg
р╣Ар╕вр╕╡р╣Ир╕вр╕б,pos
р╕кр╕▒р╣Ир╕Зр╕кр╕┤р╕Щр╕Др╣Йр╕▓ 2р╕зр╕▒р╕Щр╕Цр╕╢р╕З р╕бр╕▓р╕нр╕вр╣Ир╕▓р╕Зр╕Фр╕╡р╕вр╕▒р╕Зр╣Др╕бр╣Ир╣Др╕Фр╣Йр╕Ър╕нр╕Зр╣Гр╕Кр╣Й,neu
р╕Бр╕зр╕Фр╕Фр╕бр╕зр╕Бр╕зр╕зр╕Бр╕зр╕Бр╕зр╕Бр╕зр╕Ф р╕Юр╕зр╕Бр╕Бр╕зр╕зр╕Бр╕кр╕Юр╕кр╕Бр╕кр╕кр╕│р╕кр╕│,neu
р╕лр╣Ир╕нр╕бр╕▓р╕Фр╕╡ р╕Др╕гр╕╡р╕бр╕Ир╕░р╕лр╕бр╕Фр╕нр╕▓р╕вр╕╕р╣Ар╕бр╕╖р╣Ир╕нр╣Др╕г,neu
р╕кр╣Ир╕Зр╣Др╕Зр╕Др╣Ир╕░ р╣Бр╕Юр╣Зр╕Др╣Бр╕Щр╣Ир╕Щр╕лр╕Щр╕▓ р╣Ар╕Фр╕╡р╣Ир╕вр╕зр╕ер╕нр╕Зр╣Гр╕Кр╣Йр╕Ир╕░р╕бр╕▓р╕гр╕╡р╕зр╕┤р╕зр╣Ар╕Юр╕┤р╣Ир╕б,neu
р╕кр╣Ир╕Зр╕кр╕┤р╕Щр╕Др╣Йр╕▓р╣Гр╕лр╣Йр╕Ьр╕┤р╕Фр╣Ар╕кр╕╡р╕вр╣Ар╕зр╕ер╕▓р╣Бр╕Чр╕Щр╕Чр╕╡р╣Ир╕Ир╕░р╣Др╕Фр╣Йр╣Гр╕Кр╣Йр╕кр╕┤р╕Щр╕Др╣Йр╕▓р╕Хр╕▓р╕бр╕Чр╕╡р╣Ир╕кр╕▒р╣Ир╕Зр╕Лр╕╖р╣Йр╕нр╣Бр╕ер╣Йр╕зр╕Хр╣Йр╕нр╕Зр╕гр╕нр╕Хр╣Ир╕нр╣Др╕Ыр╣Гр╕Щр╕Бр╕▓р╕гр╣Ар╕Ыр╕ер╕╡р╣Ир╕вр╕Щр╕кр╕┤р╕Щр╕Др╣Йр╕▓р╕Бр╕ер╕▒р╕Ър╣Др╕Ыр╕Бр╕ер╕▒р╕Ър╕бр╕▓р╣Бр╕ер╕░р╣Вр╕Чр╕гр╕Щр╕▒р╕Фр╕Ир╕░р╕бр╕▓р╕гр╕▒р╕Ър╕Вр╕нр╕Зр╕Бр╣Зр╣Др╕бр╣Ир╣Др╕Фр╣Йр╕гр╕▒р╕Бр╕йр╕▓р╕Др╕│р╕Юр╕╣р╕Фр╕Хр╕▓р╕бр╕Бр╕│р╕лр╕Щр╕Ф р╕кр╕гр╕╕р╕Ыр╕Ир╕Щр╕Цр╕╢р╕Зр╕Хр╕нр╕Щр╕Щр╕╡р╣Йр╕вр╕▒р╕Зр╣Др╕бр╣Ир╣Др╕Фр╣Йр╣Гр╕Кр╣Йр╕кр╕┤р╕Щр╕Др╣Йр╕▓р╣Ар╕ер╕в р╕Лр╕╖р╣Йр╕нр╕Др╕гр╕▒р╣Йр╕Зр╣Бр╕гр╕Бр╣Бр╕ер╕░р╕Др╕гр╕▒р╣Йр╕Зр╣Ар╕Фр╕╡р╕вр╕зр╕Юр╕нр╣Бр╕ер╣Йр╕зр╕Др╣Ир╕░,neu
р╣Др╕Фр╣Йр╕гр╕▒р╕Ър╕кр╕┤р╕Щр╕Др╣Йр╕▓р╣Бр╕ер╣Йр╕зр╕Др╣Ир╕░,neu
р╕Ър╕╕р╕Юр╕╕ р╕Фр╕░ р╕Юр╕▒р╕Б р╕Юр╕╡р╕Бр╕╡р╕Зр╕░р╕гр╕Фр╕▒р╕Щр╕Фр╕е р╕Фр╕Щр╕╕р╕Фр╕╕р╕Щр╕Фр╕╕р╕Хр╕Фр╕╕ р╕Хр╕╕ р╕Др╕гр╕╕ р╣Ар╕Х р╣Ар╕Д,neu
р╕Хр╕┤р╕Фр╕Хр╣Ир╕нр╕Др╕╕р╕У р╕Щр╕▒р╕Бр╣Бр╕кр╕Фр╕Зр╣Гр╕Щр╕гр╕░р╕вр╕░р╣Гр╕Щр╕Вр╕нр╕Зр╕Др╕╕р╕Ур╣Гр╕Щр╣Бр╕ер╕░р╕Ир╕│р╕Щр╕зр╕Щр╣Гр╕Щр╕кр╕┤р╣Ир╕Зр╕Др╕╕р╕Ур╣Вр╕ер╕Бр╕нр╕вр╣Ир╕▓р╕Зр╣Др╕гр╕Ър╣Йр╕▓р╕Зр╕Др╕Щр╕Ир╕▓р╕Бр╕нр╕▓р╕Бр╕▓р╕гр╕Бр╕▓р╕гр╕лр╕зр╕▒р╕Фр╕бр╕┤р╕Ф р╕Хр╕▒р╕Щ р╕зр╕▒р╕вр╕Кр╕▒р╕Щр╣Ар╕Ыр╣Зр╕Щр╣Бр╕ер╕░р╣Гр╕Щр╕Ьр╕╣р╣Йр╕Ир╕▒р╕Фр╕Бр╕▓р╕гр╕Бр╕гр╕гр╕бр╕Бр╕▓р╕гр╣Ар╕Ыр╣Зр╕Щр╕Чр╕╡р╕бр╕лр╕Щр╕╢р╣Ир╕Зр╕Щр╕▒р╣Йр╕Щр╕Вр╕нр╕Зр╕кр╕┤р╣Ир╕Зр╕кр╣Ир╕зр╕Щр╣Гр╕Щр╕Чр╕╡р╣Ир╕кр╕╕р╕Фр╕Др╕зр╕▓р╕бр╣Бр╕ер╕░р╣Гр╕Щр╕нр╕▒р╕Щр╕Фр╕▒р╕Ър╣Ар╕Ир╣Йр╕▓р╕Ир╕░р╣Ар╕Юр╕╖р╣Ир╕нр╕Щр╕Хр╣Йр╕нр╕Зр╕Бр╕▒р╕Щр╣Бр╕ер╕░,neu
р╕вр╕▒р╕Зр╣Др╕бр╣Ир╣Др╕Фр╣Йр╣Гр╕Кр╣Й р╣Бр╕Хр╣Ир╕Хр╕▓р╕бр╕бр╕▓р╕Ир╕▓р╕Бр╕гр╕╡р╕зр╕┤р╕зр╕Юр╕╡р╣Ир╕нр╕┤р╕Щ р╕Чр╣Ир╕▓р╕Щр╕лр╕Щр╕╢р╣Ир╕З,neu
р╕вр╕▒р╕Зр╣Др╕бр╣Ир╣Ар╕Др╕вр╣Гр╕Кр╣Й р╕кр╕▒р╣Ир╕Зр╕бр╕▓р╕Чр╕Фр╕ер╕нр╕Зр╕Бр╣Ир╕нр╕Щр╕Др╣Ир╕░,neu
р╕Ыр╕Бр╕Хр╕┤р╕Ир╕░р╕Лр╕╖р╣Йр╕нр╕Ьр╕ер╕┤р╕Хр╕ар╕▒р╕Ур╕Ср╣Мр╕Щр╕╡р╣Йр╕Чр╕╡р╣Ир╕Нр╕╡р╣Ир╕Ыр╕╕р╣Ир╕Щр╣Ар╕Юр╕гр╕▓р╕░р╕Ьр╕ер╕┤р╕Хр╕Ир╕▓р╕Бр╕Чр╕╡р╣Ир╕Щр╕▒р╣Ир╕Щ р╣Бр╕Хр╣Ир╕лр╕▓р╕Лр╕╖р╣Йр╕нр╕Чр╕╡р╣Ир╣Ар╕бр╕╖р╕нр╕Зр╣Др╕Чр╕вр╣Др╕бр╣Ир╣Др╕Фр╣Йр╣Ар╕ер╕в р╣Ар╕ер╕вр╕ер╕нр╕Зр╕бр╕▓ 1 р╕Вр╕зр╕Фр╣Ар╕Ыр╣Зр╕Щ р╕Ьр╕ер╕┤р╕Хр╕Чр╕╡р╣Ир╣Ар╕зр╕╡р╕вр╕Фр╕Щр╕▓р╕бр╕Др╣Ир╕░ р╣Др╕бр╣Ир╕гр╕╣р╣Йр╕Ир╕░р╕Фр╕╡р╣Ар╕лр╕бр╕╖р╕нр╕Щр╕Чр╕╡р╣Ир╕Юр╕╖р╣Йр╕Щр╕Чр╕╡р╣Ир╕Нр╕╡р╣Ир╕Ыр╕╕р╣Ир╕Щр╣Др╕лр╕б,neu
р╣Др╕Фр╣Йр╕гр╕▒р╕Ър╕кр╕┤р╕Щр╕Др╣Йр╕▓р╕Др╕гр╕Ър╕Хр╕▓р╕бр╕Чр╕╡р╣Ир╕кр╕▒р╣Ир╕З р╕вр╕▒р╕Зр╣Др╕бр╣Ир╣Ар╕Др╕вр╣Гр╕Кр╣Й р╣Ар╕Юр╕┤р╣Ир╕Зр╕Лр╕╖р╣Йр╕нр╕бр╕▓р╕ер╕нр╕Зр╣Гр╕Кр╣Йр╕Др╕гр╕▒р╣Йр╕Зр╣Бр╕гр╕Б,neu
р╕Ыр╕Бр╕Хр╕┤р╣Гр╕Кр╣Йр╕Хр╕▒р╕зр╕кр╕╡р╕Яр╣Йр╕▓р╕нр╕вр╕╣р╣И р╣Ар╕лр╣Зр╕Щр╕Хр╕▒р╕зр╕Щр╕╡р╣Йр╕гр╕╡р╕зр╕┤р╕зр╕Др╣Ир╕нр╕Щр╕Вр╣Йр╕▓р╕Зр╕Фр╕╡р╣Ар╕ер╕вр╕ер╕нр╕Зр╕кр╕▒р╣Ир╕З р╕вр╕▒р╕Зр╣Др╕бр╣Ир╣Др╕Фр╣Йр╕ер╕нр╕Зр╣Гр╕Кр╣Й,neu
р╕ер╕нр╕Зр╣Гр╕Кр╣Йр╕Бр╣Ир╕нр╕Щ р╣Бр╕ер╣Йр╕зр╕Ир╕░р╕бр╕▓р╕гр╕╡р╕зр╕┤р╕зр╣Ар╕Юр╕┤р╣Ир╕б,neu
р╣Гр╕Хр╣Йр╕Вр╕зр╕Фр╕Др╕╖р╕нр╕зр╕▒р╕Щр╕Чр╕╡р╣Ир╕Ьр╕ер╕┤р╕Хр╣Гр╕Кр╣Ир╣Др╕лр╕бр╕Др╕░,neu
р╕вр╕▒р╕Зр╣Др╕бр╣Ир╣Ар╕Др╕вр╣Гр╕Кр╣Й р╕кр╕▒р╣Ир╕Зр╕бр╕▓р╕Чр╕Фр╕ер╕нр╕Зр╕Бр╣Ир╕нр╕Щр╕Др╣Ир╕░,neu
р╕Ыр╕Бр╕Хр╕┤р╕Ир╕░р╕Лр╕╖р╣Йр╕нр╕Ьр╕ер╕┤р╕Хр╕ар╕▒р╕Ур╕Ср╣Мр╕Щр╕╡р╣Йр╕Чр╕╡р╣Ир╕Нр╕╡р╣Ир╕Ыр╕╕р╣Ир╕Щр╣Ар╕Юр╕гр╕▓р╕░р╕Ьр╕ер╕┤р╕Хр╕Ир╕▓р╕Бр╕Чр╕╡р╣Ир╕Щр╕▒р╣Ир╕Щ р╣Бр╕Хр╣Ир╕лр╕▓р╕Лр╕╖р╣Йр╕нр╕Чр╕╡р╣Ир╣Ар╕бр╕╖р╕нр╕Зр╣Др╕Чр╕вр╣Др╕бр╣Ир╣Др╕Фр╣Йр╣Ар╕ер╕в р╣Ар╕ер╕вр╕ер╕нр╕Зр╕бр╕▓ 1 р╕Вр╕зр╕Фр╣Ар╕Ыр╣Зр╕Щ р╕Ьр╕ер╕┤р╕Хр╕Чр╕╡р╣Ир╣Ар╕зр╕╡р╕вр╕Фр╕Щр╕▓р╕бр╕Др╣Ир╕░ р╣Др╕бр╣Ир╕гр╕╣р╣Йр╕Ир╕░р╕Фр╕╡р╣Ар╕лр╕бр╕╖р╕нр╕Щр╕Чр╕╡р╣Ир╕Юр╕╖р╣Йр╕Щр╕Чр╕╡р╣Ир╕Нр╕╡р╣Ир╕Ыр╕╕р╣Ир╕Щр╣Др╕лр╕б,neu
31241235454365472345,neu
р╕Бр╕Чр╕б р╕Щр╕Др╕гр╕кр╕зр╕гр╕гр╕Др╣М р╕Юр╕┤р╕йр╕Ур╕╕р╣Вр╕ер╕Б р╣Бр╕Юр╕гр╣И р╕Щр╣Ир╕▓р╕Щр╕Хр╕▒р╕зр╣Ар╕бр╕╖р╕нр╕З р╕Юр╕▒р╕Бр╕Др╕╖р╕Щр╕Чр╕╡р╣И 1 р╕Хр╕▒р╕зр╣Ар╕бр╕╖р╕нр╕Зр╣Др╕Фр╣Йр╕Др╕гр╕╢р╣Ир╕Зр╕зр╕▒р╕Щр╕лр╕▓р╕Бр╕Др╕Щр╕Вр╕▒р╕Ър╣Др╕бр╣Ир╣Ар╕лр╕Щр╕╖р╣Ир╕нр╕в р╕зр╕▒р╕Щр╕Чр╕╡р╣Ир╕кр╕нр╕Зр╕нр╕нр╕Бр╣Ар╕Кр╣Йр╕▓р╕Вр╕╢р╣Йр╕Щр╕Чр╕▓р╕Зр╕кр╕▒р╕Щр╕Хр╕┤р╕кр╕╕р╕В р╣Бр╕зр╕░р╕Бр╕┤р╣Ир╕Зр╕бр╣Ир╕зр╕З р╕Цр╕Щр╕Щр╣Ар╕ер╕В3 р╕Фр╕нр╕вр╕Бр╕зр╣Ир╕▓р╕З р╕Юр╕гр╕░р╕Хр╕│р╕лр╕Щр╕▒р╕Бр╕ар╕╣р╕Яр╣Йр╕▓ р╣Ар╕Чр╕╡р╣Ир╕вр╕зр╕Ър╣Ир╕нр╣Ар╕Бр╕ер╕╖р╕н р╕лр╕▓р╕Бр╕бр╕╡р╣Ар╕зр╕ер╕▓р╣Гр╕лр╣Йр╣Ар╕Чр╕╡р╣Ир╕вр╕з р╕кр╕░р╕Ыр╕▒р╕Щр╕Хр╕нр╕Щр╣Ар╕вр╣Зр╕Щр╣Ар╕ер╕в р╕Юр╕▒р╕Бр╕Чр╕╡р╣Ир╕кр╕░р╕Ыр╕▒р╕Щ р╣Бр╕Щр╕░р╕Щр╕│р╕Фр╕нр╕вр╕нр╕┤р╕Зр╕Фр╕▓р╕з р╕лр╕гр╕╖р╕нр╕Кр╕нр╕Ър╕Бр╕▓р╕Зр╣Ар╕Хр╣Йр╕Щ р╕ер╣Йр╕▓р╕Щр╕лр╕вр╕╕р╕Фр╣Ар╕зр╕ер╕▓р╕зр╕▒р╕Фр╕кр╕░р╕Ыр╕▒р╕Щ р╕зр╕▒р╕Щр╕кр╕▓р╕бр╕нр╕нр╕Бр╣Ар╕Кр╣Йр╕▓р╕Бр╕ер╕▒р╕Ър╕Чр╕▓р╕Зр╕Фр╕нр╕вр╕ар╕╣р╕Др╕▓ р╕Кр╕бр╕Ир╕╕р╕Фр╕Кр╕бр╕зр╕┤р╕з 1715,neu
